genus,NC_128,NC_134,NC_136,NC_137,NC_138,NC_139,NC_140,NC_143,NC_144,NC_145,NC_146,NC_147,NC_148,NC_149,NC_150,NC_151,NC_152,NC_153,NC_154,NC_155,NC_156,NC_157,NC_158,NC_159,NC_160,NC_161,NC_162,NC_163,NC_164,NC_165,NC_166,NC_167,NC_168,NC_169,NC_173,NC_174,NC_176,NC_177,NC_180,NC_181,NC_182,NC_183,NC_184,NC_185,NC_186,NC_199,NC_200,NC_201,NC_202,NC_204,NC_205,NC_206,NC_207,NC_209,NC_210,NC_214,NC_218,NC_219,NC_220,NC_224,NC_225,NC_241,SLE_1,SLE_100,SLE_106,SLE_11,SLE_113,SLE_117,SLE_119,SLE_12,SLE_120,SLE_121,SLE_122,SLE_125,SLE_129,SLE_131,SLE_132,SLE_170,SLE_171,SLE_172,SLE_175,SLE_178,SLE_179,SLE_18,SLE_189,SLE_19,SLE_191,SLE_192,SLE_193,SLE_195,SLE_196,SLE_197,SLE_198,SLE_2,SLE_212,SLE_213,SLE_215,SLE_216,SLE_226,SLE_227,SLE_228,SLE_229,SLE_23,SLE_232,SLE_234,SLE_235,SLE_24,SLE_243,SLE_244,SLE_247,SLE_248,SLE_249,SLE_250,SLE_251,SLE_252,SLE_253,SLE_254,SLE_255,SLE_256,SLE_257,SLE_26,SLE_266,SLE_267,SLE_269,SLE_27,SLE_271,SLE_272,SLE_273,SLE_276,SLE_277,SLE_278,SLE_279,SLE_280,SLE_281,SLE_37,SLE_39,SLE_40,SLE_45,SLE_48,SLE_50,SLE_52,SLE_53,SLE_54,SLE_56,SLE_59,SLE_6,SLE_62,SLE_63,SLE_69,SLE_7,SLE_71,SLE_72,SLE_75,SLE_78,SLE_80,SLE_82,SLE_83,SLE_84,SLE_85,SLE_87,SLE_89,SLE_91,SLE_92,SLE_95,SLE_99
[Eubacterium] rectale,0.00219734,0.000803028,0.003756789,0.000475533,0.001816207,0.000988224,0.000713573,0.002317838,0.005325334,0.00185203,0.000641789,0.001086708,0.004064274,0.001397251,0.002484257,0.000622052,0.000882267,0.003008994,0.000658899,0.001476328,0.002552557,0.000716871,0.004744732,0.003540292,0.003101343,0.002076842,0.001723907,0.000866551,0.001449462,0.002502148,0.000914543,0.000198781,0.004646832,0.003429775,0.005627986,0.00395153,0.003132108,0.000833955,0.000811389,0.000540233,0.003101921,0.00084272,0.000982381,0.005220984,0.002352057,0.001422061,0.001578289,0.000932245,0.00741106,0.002307511,0.003400631,0.001427471,0.002130191,0.001451364,0.000938264,0.004787222,0.001849169,0.001386555,0.003215334,0.001099096,0.003693874,0.001330545,0.001001641,0.000964084,0.0006146,0.005293349,0.001066544,0.001386602,0.006225001,0.003659341,0.001601961,0.002712605,0.002468459,0.000864072,0.003088001,0.000679169,0.006050048,0.00081873,0.001064242,0.004184471,0.000462966,0.004076415,0.000966177,0.000734749,0.00522845,0.001297768,0.000885628,0.004433556,0.000871415,0.000767452,0.004107905,0.000878279,0.000695913,0.002865803,0.001090048,0.00022352,0.000529876,0.002207272,0.001224853,0.000424911,0.004919714,0.000533254,0.001191149,0.000218504,0.005696077,0.000583019,0.000861471,0.000814181,0.000763779,0.004433403,0.000576138,0.000838676,0.000880728,0.000595679,0.0070945,0.002406175,0.000785284,0.002159196,0.002443654,0.001214193,0.000439614,0.000846704,0.001737597,0.003706246,0.006327281,0.004610751,0.000879244,0.000995889,0.000549596,0,0.002870627,0.00093112,0.000686451,0.001153463,0.000762916,0.004568054,0.001041249,0.005338981,0.00048681,0.003449839,0.005521888,0.005609142,0.002898031,0.003350271,0.003714926,0.004762848,0.003449225,0.000728253,0.000993404,0.001189555,0,0.000589174,0.000564595,0.003642562,0,0.005092744,0.001552172,0.000544502,0.002588456,0.003421085,0.004486827,0.00143302,0.001649949,0.000540265,0.001837775
[Eubacterium] siraeum,0.001327301,0.000127281,0,0,0.000101481,0,0,0.000137905,0.000154717,0.00026417,0.001297875,0.00023024,0,0,0,0,0.000196996,0.002502114,0.000492509,0.000407054,0.000262446,0.00011717,0.000263123,0,0.000243735,0.000177669,0,0,0.000179111,0.001369563,0.000219048,0,0.000177311,0.00021135,0.000145294,0,0.000106663,7.24E-05,0,0,0.000153598,0,0.000287176,0.000123699,0,0.00022614,0.000599798,0.000100116,0.000232835,0.000132568,0,0.000125387,0.000171377,0,0,0,7.93E-05,0.000148307,0,0.000113846,7.28E-05,0.000399371,0.000212265,0,0,9.93E-05,0.000148398,0,0,0.000101769,0,0.000167034,0,0.000121315,7.49E-05,0,0,0,0.000319577,0.000283037,0.000116982,0.00087547,0.000190986,0.000180284,0,0.000220114,0,0,0.000110243,0.000243633,0.000289524,0,0,0.000205692,0.000347911,0,0,0.002429223,0,0.000298065,8.40E-05,0,0.000216001,0.000205578,0.000181498,0,0,0,0,0,0,0,0,0,0,0,0.000128395,0.000177474,0.000225522,0,0,0.000129248,0,0.000375212,0,0,0,0.000155742,0.000125269,0,0,9.48E-05,0,0,0,6.86E-05,0.000108746,0.00029542,0,0.000254567,0,0,0,0.000118951,9.31E-05,7.31E-05,0.000179256,0.0001102,0,0.000151886,0,0,0,0,0,0.000213916,0.000152681,8.47E-05,0,0,0,0.000193908,0,0.000283005,0
Akkermansia,0.000315727,0,0,0.002662967,0,7.73E-05,0,0.001649635,0,0.000232011,0.00263028,0,0,0,0,0,0,0,0,0,0,0,0.000253843,0,0,0,0,0,0,0.000399615,0,0.000206034,0,0,0,0,0.000442863,0,0,0,0,0,0.00022749,0,0,0,0,0,0,0,0.001795124,9.86E-05,0.001293454,0,0,0.000198725,0,0.000138116,0,0,0.000759289,0.000120242,0,0,0,0.002005168,0,0.001527272,0,0.000113384,0.000151601,0,0,0,0,0,0,0,0,0.000408041,0,0.000450035,0.000168312,0,0,0,0,0,0,0,0.000860853,0,0,0.000216663,0,0,0,0,0,0.000453932,0,0,0,0,0,0,0.00016511,0,0.00126086,8.75E-05,0,0,0.000111164,0,0,0,0.002261377,0.000144299,0,0,0.000236613,0.000143672,0,0,0,0,0,0.00012433,0,0,0,0.000149827,0,0,7.74E-05,7.30E-05,0,0,0,0,0,0,0,0,0,0.000166705,0,8.88E-05,0,0,0,0,0.001844324,0,0,0,0,0,0,0,0.000144105,0,0,0,0.002931466
Alistipes,0.007546473,0.000275449,0.000273627,0.000386985,0.000463638,0.005458471,0.000320348,0.009045267,0.00034924,0.000318615,0.000231267,0.00017123,0.000235217,8.83E-05,0.006455864,0,0.000413804,0.000320708,0.005722455,0.000266813,0.002381186,0.003937334,0.007565894,0.000552916,0.000146456,0,0.004978692,0.007455098,0,0.000266264,0.000216149,0,0.006577969,0.003510853,0.000115469,0.000227379,0.000270391,0.004744464,0.000717682,0.001333095,0.000214882,0.000134586,0.007213671,0.007305426,0.004171032,0.000624367,0.00089286,0.002415207,0.000139123,0.000399909,0.000329159,0.000296283,0.007510612,0.00151486,0.006228599,0.000651896,0.006591892,0.000640031,0.005690161,0.005267337,0.007315478,0.003099715,0.000410595,0.00044226,0.00024671,0.005823552,0.003247891,0.010030389,0.002821335,0.005904475,0.006234995,0.004065354,0,0.000254974,0.006143583,0.000447511,0.000577297,0.000283003,0.000216802,7.90E-05,0.004457682,0,0.012249601,0.000653036,0.000574868,0.002010508,0.000309373,0.000411464,0.000530622,0.002410029,0.004365703,0.006632933,0.000153555,0.000132717,0.00011014,0.000676633,0.000394178,0.003250588,9.34E-05,0.000432648,0.00756656,0.000403649,0.005742832,0.000306082,0.000449526,0.005558969,0.000102087,0,8.71E-05,0.000491388,0.000152619,0.000953834,0.000203274,0,0.000318275,0.002834661,0.000180363,0.004680207,0.003412809,0.000175699,0.000154681,0.00081445,0.002648358,0.000724779,0.004206716,0.000584458,0.000269071,0.000221946,0.000336758,0.003801118,0.000526349,0.005564978,0.000875827,0.003137879,0.003266616,0.006287712,8.74E-05,9.53E-05,0.007329932,0.003780791,0.003972986,0.006415299,0.000197554,0.000185538,0.003704439,0.004685847,0.008355539,0.006526077,0.000600428,0.00064369,0.001547747,0.000245946,0.000206029,0.000562929,0,0,0.000104908,0.00048479,0.0024264,0.000195277,0.004594175,0.001837613,0.004348131,0.005508105,0
Anaerobutyricum,0.002638213,0.001185054,0.001654283,0.003639206,0.000832627,0.001324248,0.003793802,0.001655984,0.003481486,0.000721859,0.003609335,0.001361071,0.002165394,6.45E-05,0.004945554,0.000675898,0.003071779,0.002281747,0.000877757,0.000443313,0.001566601,0.00047236,0.000268875,0.004157479,0.002712629,0.00294198,0.001860493,0.002171658,0.001727472,0.002036982,0.002883289,0.000364957,0.003381423,0.001342918,0.005061144,0.000317919,0.001972085,0.002143469,0.001582577,0.001199031,0.004556252,0.000530613,0.001325813,0.003149043,0.004035646,0.002702658,0.001385535,0.002875162,0.004479335,0.002605835,0.001543814,0.003193977,0.000380754,0.002440375,0.00372731,0.001011439,0.002115695,0.001494743,0.004190196,0.000400865,0.002050195,0.002082842,0.002882995,0.00125759,0.000884574,0.001230703,0.001516534,0.000212504,0.003254851,0.001886087,0.002708581,0.002619443,0.003829881,0.001849179,0.003435825,0.000307601,0.000332218,0.004399333,0.001471512,0.003248178,0.000240482,0.002690285,0.001145463,0.001728565,0.002285903,0.002872128,0.000367525,0.001274476,0.003778209,0.002598317,0.001849509,0.003968023,0.000476071,0.00232622,0.002944899,0.000260821,0.000500452,0.002881689,0.003805695,0.000327224,0.0016913,0.000332906,0.001674402,0.000348392,0.001644314,0.001697621,0.002037775,0.00051612,0.001304349,0.000577821,0,0.002001284,0.005077613,0.000341312,0.000540061,0.001919354,0.002450144,0.00293034,0.000975998,0.000424878,0,0.000253033,0.00059586,0.001803557,0.003261458,0.005090744,0.00688832,0.001178198,0.003729751,0.001414424,0.006909173,0.001535418,0.000180514,0.00261368,0.003011433,0.002793588,0.001269746,0.000640869,0.00020322,0.002661298,0.003335262,0.001023043,0.001001749,0.002545656,0.002683659,0.001647811,0.001475852,0.002767892,0.000358185,0.000274451,0,0.000341756,0.002117697,0.002370091,0.001180583,0.003892154,0.003802466,0.000420007,0.001151081,0.004330325,0.001842155,0.002369846,0.001113348,0.001374247,0.000631927
Anaerostipes,0.005202171,0.006388908,0.001365106,0.008860691,0.000688223,0.003268975,0.000911896,0.002248082,0.005559497,0.001125211,0.007222406,0.00605741,0.003587505,0.000307849,0.00811716,0.01204769,0.006008664,0.003025886,0.000521072,0.011441022,0.001722026,0.000522643,0.000560144,0.004911319,0.005086954,0.007852342,0.005933743,0.002523983,0.006156594,0.004379427,0.00590818,0.000787459,0.010735126,0.003619178,0.011886281,0.004135893,0.002636481,0.003349794,0.006346576,0.002960435,0.005320517,0.001159235,0.002168331,0.002132881,0.001533782,0.00399752,0.002667035,0.00477123,0.012862352,0.004845655,0.002564865,0.006793759,0.000607433,0.005029603,0.00330946,0.001233846,0.00520332,0.003682093,0.004863825,0.001587025,0.000598882,0.001199472,0.004808544,0.000835146,0.002643123,0.00541253,0.001776071,0.001485353,0.005401638,0.002734674,0.003340893,0.01282809,0.012032417,0.005428325,0.007233063,0.000874646,0.000682752,0.009126781,0.005560983,0.007072539,0.007691321,0.008071265,0.000726721,0.004731383,0.005964742,0.003114515,0.014285573,0.002073173,0.004699944,0.005560401,0.002357891,0.007323971,0.002370701,0.010590371,0.007560429,0.008371629,0.001320841,0.005319888,0.008555325,0.000962361,0.003777228,0.008007425,0.004863858,0.000742065,0.001253094,0.000657562,0.001926352,0.010569704,0.009436144,0.007191852,0.000162314,0.006178106,0.005952723,0.000504141,0.004306872,0.008740182,0.001350939,0.002312141,0.000857791,0.005638974,0.000621635,0.003832718,0.000809892,0.00257262,0.006167329,0.004249402,0.00166151,0.003905776,0.008415234,0.000969349,0.012946086,0.003616152,0.001035291,0.005411705,0.008283114,0.005581791,0.007432249,0.006339156,0.001810234,0.001995085,0.006441593,0.007357312,0.002254819,0.013391617,0.006212418,0.003797942,0.00653548,0.007054953,0.000791852,0.001195232,0,0.007337838,0.01057802,0.01129258,0,0.003236819,0.010635132,0.006917473,0.010569542,0.008206563,0.005289624,0.007834123,0.010844453,0.003741598,0.012666867
Anaerotignum,0.000539189,0.000117608,0.000288339,0.000100708,0,0.001941656,0.001376657,0.000740129,0.000136896,0,0.00148542,0.000205855,0.00023998,0.001006499,0.001515685,0,0.000295538,0.003481551,0.001402589,0.001263391,0.000838635,0.000730486,0.000794367,0.001082226,0.000371011,0.000141994,0.000582981,0.000934483,0.000391556,0.000588056,0.000209763,0.000189783,0.000591375,0.000918774,0.00016939,0.002135837,0.000777149,0.000588716,0.000874233,0.000385987,0.000644509,0.002785371,0.00080711,0.000792942,0.0010931,0.000230235,0,0.000166464,0,9.79E-05,0.002184491,0.002236236,0.00111022,0.000384929,0.001066836,0.00119955,0.00078961,0.000135977,0.000277504,0.000996242,0.000588396,0.001446374,0.001041775,0,0.002500627,0.00012054,0.000941952,0.000318106,0.000843136,0.00083082,0.000189235,0.002591685,0,0.000223606,0.002242063,0.000516039,0,0.001003109,0.001559117,0.001123402,0,0.003726894,0.000175491,0.001120983,0.000122559,0.000126585,0.000182212,0.000181703,0.000325206,0.001196767,0.001002551,0.000825321,0.000193823,0.003886299,0.001337905,0.000172293,0,0.001991012,0.000517859,0,0.000590248,0.001926329,0.000751698,0.002953535,0,0.001043087,0,0,0.000326828,0.00079613,0,0.000203484,0.001031537,0.000238014,0.00116154,0.000961238,0.002265919,0.000948098,0.000642386,0.002139198,0,0.003393727,0.005512079,0.000523003,0.000470884,0.00011383,0.003588145,0.00107088,0.000257697,0,0.000275701,0.00069721,0.000922639,0.002417501,0.00062183,0.000758043,0.000779464,0.000133341,0.001115666,0.00115802,0.00093619,0.001181831,0.000966526,0.000993856,0.000754381,0.000504033,0.001052475,0.000773479,0.002880036,0.000802093,0,0,0.001387744,0.000294479,0,0.000163513,0.000257824,0.001127671,0.000641579,0.000233567,0.000907365,0.000495091,0.001206978,0.000693363,0
Bacteroides,0.003247393,0.005563166,0.000860629,0.011588531,0.009465985,0.008030748,0.002010317,0.007133476,0.004228845,0.02490915,0.010818091,0.00509592,0.006838323,0.008096898,0.007033973,0.008742163,0.011315538,0.00450716,0.005289027,0.002698513,0.001804091,0.009466946,0.010406496,0.001027082,0.011905409,0.002418012,0.008618673,0.012461034,0.001506153,0.00701258,0.003169315,0.021580196,0.006624342,0.00351785,0.00715146,0.014459137,0.005669388,0.003340005,0.004123829,0.001066387,0.00101295,0.017459837,0.002140389,0.003260759,0.005310253,0.002173374,0.000599008,0.004476248,0.000902534,0.00495064,0.016090681,0.003091869,0.007613107,0.001251801,0.002371632,0.001727485,0.003901985,0.001343783,0.004944428,0.009224645,0.001706244,0.000830807,0.002756255,0.015787725,0.002213414,0.004191806,0.007719948,0.011783315,0.004842256,0.010240609,0.003074703,0.001422608,0.001632993,0.004361293,0.00345489,0.00362572,0.011156193,0.00541529,0.007751101,0.005942784,0.005660803,0.002876357,0.004650546,0.007640923,0.010642419,0.004769685,0.018168015,0.001311294,0.004596709,0.004093112,0.002021862,0.005823292,0.002956859,0.003182506,0.002659735,0.014932539,0.012786535,0.002233843,0.006778167,0.02637123,0.003559018,0.007001803,0.00605319,0.012181052,0.008734218,0.002159295,0.003965497,0.005488626,0.00558486,0.008199872,0.005941869,0.005593843,0.007263413,0.013596866,0.008133184,0.00126196,0.003271349,0.001456154,0.001568635,0.003893033,0.013023796,0.006132496,0.006706243,0.002643777,0.001907534,0.006792106,0.003946333,0.005431386,0.001759136,0.005593202,0.001263886,0.008865972,0.005705361,0.007238832,0.00620345,0.003458315,0.006828706,0.01066031,0.003816602,0.002231968,0.001799731,0.004209591,0.006967677,0.002082455,0.001663041,0.002168492,0.004437731,0.004398665,0.003157166,0.021100706,0.010596009,0.004161181,0.007907972,0.016028621,0.010625068,0.002883509,0.005195596,0.012067719,0.002739234,0.00183355,0.009216296,0.001341295,0.004521409,0.001584274,0.002476767
Bifidobacterium,0.004200315,0.000872082,0.001663218,0.000279474,0.000233534,0.000815588,0.000401481,0.001179619,0.002596907,0.002342102,0.004513764,0.002180711,0.000236116,0.001024873,0.004748133,0.000276852,0.000314023,0.00020415,0.000552492,0.003039696,0.000230738,0.00448181,0.000880305,0.002219919,0.001924022,0.005940581,0.001671093,0.001458127,0.004641444,0,0.002480675,0.005257618,0.003670052,0.003358867,0.005258451,0.000715805,0.001719567,0.002529179,0.000155591,0.000423771,0.001668879,0.000521268,0.003550058,0.000534728,0.00041024,0.002494609,0.003130896,0.003021002,0.006947565,0.002679263,0.000841099,0.008456612,0.001774277,0.002761001,0.004950919,0,0.000264084,0.002271883,0.008477695,0.00030286,0.001375895,0.000192979,0.001418951,0.002285186,0.008101997,0.002421755,0.000278623,0.003497401,0.001583352,0.00070263,0.000709881,0.01181302,0.006214711,0.00104873,0.005073734,0.000457146,0.008550408,0.003166628,0.000606631,0.002606906,0.005857648,0.001496646,0.000326913,0.003069797,0.006054485,0.003906709,0.000182542,0.00166809,0.00214263,0.000314057,0.000381803,0.000630028,0.00340689,0.002791668,0.005297662,0.001919651,0.00045085,0.000439819,0.005779954,0.000986711,0.000345289,0.00030715,0.000917554,0.000631115,0.000642784,0.000357924,0.00486764,0.007529265,0.00839194,0.001882717,0.000500716,0.000959779,0.005424661,0.001733033,0.002870126,0.007672575,0.002116797,0.000491929,9.27E-05,0.002297681,0.010977221,0.001472788,0.000850046,0.000153388,0.000741411,0.004104724,0.001755273,0.000471909,0.005213933,0.015447743,0.000556628,0.003976435,0.004292388,0.000782277,0.002563826,0.002224618,0.002551169,0.002616639,0.000845132,8.82E-05,0.001763756,0.003989728,0.000379397,0.002447446,0.002268091,0.001761454,0.002248449,0.002480823,0.002448429,0.002357545,0.002149795,0.000178841,0.003237281,0.005695037,0,0.005114755,0.005536768,0.000247492,0.003134055,0.006989961,0.007315585,0.010479988,0.00550278,0.000192126,0.001346551
Blautia,0.000825396,0.000927248,0.000566141,0.000781579,0.000546531,0.000972703,0.001298658,0.000522207,0.00056084,0.001282588,0.001016629,0.000364778,0.000774314,0.000708784,0.000790845,0.000336992,0.000434235,0.001341207,0.000643073,0.001193888,0.00136742,0.000294675,0.000780014,0.001454675,0.001105895,0.000660877,0.000753118,0.001012421,0.001441898,0.001363527,0.000942132,0.00150623,0.00129575,0.000568919,0.001132442,0.000916978,0.000784042,0.000800027,0.000681285,0.000853086,0.001253261,0.000423779,0.000326634,0.001129551,0.000780842,0.001167286,0.000778282,0.000648208,0.000968363,0.000764732,0.00080055,0.000806353,0.000368493,0.001067666,0.001440145,0.000321361,0.000909655,0.001422429,0.000853919,0.00058225,0.000806889,0.000921174,0.00073736,0.000340819,0.001108135,0.000889812,0.000793631,0.001081086,0.001215985,0.000534584,0.001128543,0.000814619,0.002004003,0.001086039,0.001018759,0.000803751,0.001058843,0.000816376,0.000838529,0.000553644,0.000902646,0.001364235,0.000564099,0.000753722,0.000588197,0.00089719,0.000986218,0.000497254,0.00121658,0.000823097,0.000805675,0.001222467,0.000279966,0.000981015,0.000874532,0.000340118,0.001977457,0.000404202,0.00100472,0.000472609,0.000877435,0.000801653,0.000731317,0.000480542,0.001211449,0.000643902,0.000386079,0.001678919,0.00079048,0.000969364,0.001044736,0.001682942,0.001736894,0.001203245,0.001292726,0.001717066,0.001173401,0.001370468,0.000876182,0.001034126,0.000300216,0.000604964,0.001117842,0.00110757,0.000960631,0.001224115,0.001065687,0.000945976,0.001431593,0.001603107,0.002255489,0.00062856,0.000459789,0.000926223,0.001123516,0.000725784,0.000888582,0.000542993,0.000601274,0.001049891,0.000939493,0.000991521,0.000747653,0.001233379,0.001254682,0.000721955,0.001026636,0.001005067,0.000804081,0.000763995,0,0.000770577,0.000400125,0.001568251,0.001490332,0.001428478,0.000820908,0.001143539,0.000961787,0.000771421,0.001047851,0.000990315,0.001110197,0.00086308,0.001537125
Clostridia bacterium,0.001686257,0.000903246,0.001516319,0.00062053,0.001077914,0.001024864,0.000941662,0.001260263,0.00066399,0.001431259,0.00143569,0.001845231,0.000586236,0.001166378,0.000962453,0.000764849,0.001631971,0.001520553,0.001646265,0.001204751,0.001608248,0.001438905,0.001667887,0.001717878,0.001644508,0.000878824,0.000798643,0.000887934,0.001272323,0.001802861,0.000972777,0.001204846,0.001003116,0.002080166,0.000921449,0.000737792,0.001448002,0.001473853,0.001031117,0.001268401,0.001236489,0.000631723,0.001771263,0.001904601,0.00057097,0.001955534,0.001559429,0.000749231,0.002153474,0.000907406,0.001300131,0.000792039,0.000505523,0.001493992,0.000964398,0.003050305,0.000847085,0.001504867,0.001538317,0.00144268,0.002144314,0.002157891,0.001520897,0.00066058,0.000784722,0.001051344,0.001245399,0.000897764,0.001301761,0.001137893,0.001157073,0.000655223,0.000701008,0.000952416,0.001279412,0.001158062,0.001732994,0.000948846,0.001546499,0.000868763,0.001206391,0.000823706,0.001211021,0.000877264,0.001556443,0.00145636,0.001037549,0.00111453,0.001842674,0.001014853,0.00268948,0.001125812,0.001174476,0.000729492,0.001024295,0.001149667,0.000921044,0.00156676,0.001049729,0.001233423,0.001616936,0.000846416,0.001561013,0.001417405,0.001124908,0.002963796,0.001537008,0.001325774,0.000799949,0.001433207,0.001798835,0.001807916,0.000794723,0.001833367,0.001164035,0.001699908,0.000640118,0.003138819,0.001498935,0.000906573,0.001688412,0.002074679,0.002139895,0.001107878,0.001420415,0.000815815,0.001001087,0.001548819,0.000847893,0.005483587,0.001273536,0.000736628,0.000589499,0.001177437,0.001001144,0.001979319,0.000510161,0.001304944,0.000738795,0.001192185,0.000751343,0.000792668,0.000813885,0.000525023,0.001761639,0.00216537,0.001250724,0.000980873,0.001106253,0.000822982,0.001075902,0.001408474,0.000665785,0.001282887,0.002459518,0.001195353,0.001192134,0.000671109,0.000690657,0.001152373,0.001294516,0.000451132,0.001266905,0.00109758,0.001643042
Clostridiales bacterium,0.000961621,0.000662843,0.001359806,0.000148623,0.000459218,0.001042845,0.000569627,0.001448474,0.000682777,0.000996415,0.001142382,0.001364306,0.000562728,0.000588022,0.00053672,0.000241749,0.000977889,0.000931213,0.001538446,0.000824347,0.000780263,0.001110954,0.000500642,0.000788975,0.000849684,0.000384304,0.000420437,0.001023891,0.000787377,0.000878153,0.000723274,0.000353572,0.000330027,0.002389168,0.000469075,0.000392741,0.000487515,0.000665164,0.000143875,0.001454511,0.001230493,0.000611334,0.00056866,0.000625264,0.001020063,0.00133514,0.001823635,0.000502014,0.00128976,0.00041094,0.000362349,0.000406595,0.000504935,0.00069765,0.000640221,0.000373705,0.000478601,0.000557734,0.000195901,0.000520809,0.000974679,0.000872823,0.000618402,0.000723784,0,0.000101875,0.000642121,0.000303242,0.000831605,0.000656168,0.001049489,0.000141447,0.000574604,0.00020912,0.000594514,0.000372156,0.000350909,0.001595182,0.000617995,0.000482603,0.000301377,0.000535783,0.000890403,0.000440336,0.00041229,0.000373552,0.000712218,0.000752468,0.00091935,0.000724033,0.001120264,0.000417684,0.000905482,0.00159537,0.000492739,0.000599487,0,0.001362327,0.000439485,0.000366916,0.000239075,0.000307305,0.000868903,0.000737539,0.00042439,0.000916906,0.000800219,0.000533829,0.000334074,0.000585937,0.00131286,0.001457795,0.000818067,0.00114124,0.000837193,0.000222479,0.000322969,0.000629295,0.000596441,0.000291139,0.000777005,0.000389524,0,0.00077233,0.000641885,0.000102956,0.000472795,0.000430514,0.00041531,0,0.000622643,0.000504831,0.000740991,0.001063923,0.000412417,0.000304795,7.50E-05,0.000376383,0.000159807,0.000587069,0.000181642,0.000113386,0.000241378,0.000338616,0.000647393,0.000610609,0.000744932,0.000300474,0.000326779,0.000228961,0,0.000323206,0.000513778,0.000586726,0.000906394,0.000640055,0.000768732,0.000369374,0.000181984,0.000593467,0.000676279,0.000312457,0.000404155,0.000773133,0
Clostridiales bacterium 41_12_two_minus,0.000813529,0.00039264,0.000354284,0.000159584,0.001032871,0.000946782,0.001197847,0.000604361,0.001067938,0.000233846,0.001213056,0.000652897,0.000100747,0.001263494,0.000564477,0.00038849,0.000314176,0.000164658,0,0.000569828,0.000604242,9.43E-05,0.000396138,0,0.000371702,0.000254456,0.000878852,0.000792111,0.002035407,0.002243415,0.001626946,0.00018477,0.001500171,0.001441736,0.000616763,0.000138662,0.001129425,0.001124717,0.000249387,0.001132091,0.000106687,0.000961457,0.000302942,0.000903577,0.000746195,0.001612493,0.000172837,0.001160351,0.000728711,0.000387946,0.001462193,0.000416543,0.000145989,0.000668605,0.001185797,0.000200949,0.000773623,0.000660308,0.000960515,0.00023345,0.000559942,0.000489936,0.000303972,0.000432532,0.000246495,0.000528833,0.000263504,0.0004336,0.001006768,0.000673656,0.0003062,0.001301585,0.001462958,0.000270485,0.000915344,0.001158424,0.000534392,0.000948554,0.000279135,0.002024048,0.000191297,0.000592597,0.000627199,0.001065823,0.000384308,0.001189486,0.000461314,0.000380427,0.00076471,0.000403011,0.001823317,0.00139223,0.000364618,0.000334728,0.000154984,0.000157057,0.000415592,0.000362839,0.002242052,0.000201891,0.000251905,0.000314201,0.000928804,0.000337527,0.001871115,0.00045854,0.000744024,0,0.000126884,0.000205488,0.000436603,0.001587836,0.000862735,0.000438361,0.000195497,0.000859428,0.00196068,0,0.000262116,0.001745678,0.000235447,0.000628296,0,0.001280427,0.000926945,0.00097643,0.000613731,0.000386202,0.000324597,0,0.000301653,0.000745604,0.000551269,0.001524379,0.000257193,0.001287139,0.000197903,0.000493111,0.000157193,0.000699348,0.001686035,0.000423956,0.000353962,0.001318351,0.001352571,0.000880414,0.000606556,0.001417421,0.000218713,0.00065288,0,0.000297051,0.001089871,0.000397157,0.001172418,0.00054338,0.000505777,0.001335317,0.00010483,0.002030432,0.00078408,0.000212239,0,0.000332025,0
Clostridiales bacterium 41_21_two_genomes,0.000883742,0.000123905,0,0,0.000847914,0.001179908,0.000956154,0.000597629,0.001080627,0.000423878,0.000896973,0,0.000227476,0.001183614,0.0005869,0,0.000167596,0.000823201,0.000201137,0,0.000640097,0,0,0.000192447,0,0.000244949,0.000774935,0.000529287,0.003241673,0.002362934,0.002110185,0.000139779,0.001744451,0.000914821,0.000132367,0.000233368,0.001169616,0.001134764,0.000143623,0.000776257,0,0.000446192,0.000111803,0.00094269,0.001149435,0.002063097,0,0.001192393,0.000183783,0.000577659,0.001421325,0.000316862,0,0.000913219,0.001374764,0,0.000917029,0.000569468,0.000597779,0.000455698,0.000639609,0.000985983,0,0,0,0.000556453,0,0.000171428,0.000818991,0.000686826,0,0.001578635,0.002175716,0.000602309,0.00096735,0.001142841,0.000771405,0.000709857,0.001403445,0.001717394,0.000200241,0,0,0.001180692,0.000260405,0.001345496,0,0.000394648,0.000909761,0.000149289,0.001554562,0.001313179,0.00052461,0.001180121,0.000150748,0,0,0,0.003292095,0,0.000390029,0,0.000499953,0,0.002452405,0.000250039,0.000925405,0.000275612,0.000109319,0,0,0.001316046,0.000579096,0,0.000186771,0.001087636,0.002159565,0.000359572,0.000248798,0.002319436,0,0.000554835,0.000417763,0.001151394,0.00099878,0.001095096,0,0.000417756,0,0,0.000200008,0.001296226,0,0.001433123,0.000150937,0.001263807,9.63E-05,0.000243524,0.000302934,0.000771794,0.001084877,7.60E-05,0.000116768,0.001297261,0.000943396,0.000846869,0.000708091,0.001519933,0,0.000801143,0,0.000153877,0.001076681,0.00028067,0,0.000469055,0,0.001890295,9.56E-05,0.00264438,0.000379544,0.000137428,0.000356701,0.000516171,0
Clostridiales bacterium KLE1615,0.000972384,0.000161058,0.000255674,0.000126753,0.0013684,0.001480037,0.001667656,0.000782591,0.001536529,0.000215817,0.001994021,0.000429983,0.000587686,0.001481472,0.001165644,0,0.000489734,0.000579457,0.000142686,0.000283371,0.001453942,0.000471995,0.000183513,0.000658717,0.000482598,0.000808356,0.001154224,0.000700229,0.003553805,0.002550033,0.002125628,0.000163331,0.001834955,0.001742308,0.000690589,0.000710817,0.001884279,0.001180638,0.000116029,0.000703557,0.000502708,0.001030954,0.000474609,0.001343098,0.001693674,0.003212695,0.000222663,0.001595516,0.001340296,0.001200779,0.001954702,0.000796361,0.000308585,0.00115798,0.001303173,0.000469111,0.001212759,0.001200284,0.001189658,0.000673499,0.000993028,0.000505172,0.000645318,0.000303879,0.00059392,0.001648007,0.000408519,0,0.001703597,0.001591254,0.000360476,0.001985457,0.001932262,0.000635212,0.000837884,0.001232594,0.001491982,0.000541599,0.000997523,0.002574582,9.90E-05,0.000586499,0.000499329,0.001710582,0.000958942,0.001688733,0.000365092,0.000185833,0.001251656,0.000980469,0.001979395,0.001882678,0.000620322,0.001111387,0.000165132,0,0.000425566,0.000375872,0.002963619,0.000357451,0.000532861,0.000228181,0.00121346,0.000540738,0.00211822,0.000359877,0.001440465,0.000224739,0.00033413,0.000153771,0,0.00270343,0.000983605,0.000512062,0.000357908,0.001391171,0.00236805,0.00028491,0.00041098,0.002229134,0,0.000655763,0,0.001616738,0.001568401,0.001352818,0.000317594,0.000688009,0.000221194,0,0.000258007,0.001518268,0.000209085,0.001831894,0.000264229,0.0013919,0.000215304,0.001252664,0,0.000909997,0.001963131,0.000277541,0.000479928,0.001936537,0.001595655,0.001050337,0.000556741,0.002049906,0,0.00098589,0,0.000459917,0.002309569,0.0004639,0,0.000365928,0.000374961,0.001416079,0.000340129,0.002668465,0.00106086,0.000153715,0,0.000560186,0
Clostridium,0.000504437,0.00136844,0.000600985,0.001316603,0.001920211,0.000884803,0.001337681,0.000859752,0.000860031,0.000848228,0.001066756,0.001294252,0.001039014,0.000903048,0.000718939,0.000981704,0.001540186,0.00075922,0.000779707,0.001013459,0.00038729,0.000365766,0.00079011,0.000720775,0.001438538,0.001793134,0.002227077,0.000799645,0.000275401,0.000942533,0.000729112,0.000562549,0.000859527,0.000503938,0.002254081,0.002699368,0.000660706,0.00054795,0.000984226,0.000978227,0.00066041,0.001334356,0.000780832,0.000660928,0.000873363,0.000626411,0.000287156,0.001125879,0.000805281,0.001176547,0.000685148,0.000951997,0.000785621,0.000749142,0.001542984,0.000441298,0.001031483,0.001084673,0.000339793,0.001870128,0.00045054,0.000796892,0.001405221,0.000876557,0.000258121,0.00086311,0.001149555,0.000882251,0.000681521,0.001318306,0.000999092,0.00100665,0.000992361,0.000843139,0.001596879,0.001179965,0.000646622,0.000853107,0.001782432,0.000950398,0.001136562,0.001138447,0.001239914,0.000655715,0.001527695,0.00060722,0.004850856,0.000876034,0.000708014,0.001508947,0.000697852,0.000761876,0.001110225,0.000493645,0.0008916,0.00107746,0.00033546,0.001840788,0.00036629,0.000877596,0.000953001,0.002963607,0.00080505,0.003095266,0.004402903,0.000619392,0.000381975,0.001069954,0.001888306,0.000852205,0.003194204,0.00128173,0.000655178,0.001707469,0.00315662,0.000582904,0.001152588,0.000628073,0.00051491,0.001118158,0.000346177,0.001328451,0.001218754,0.000668425,0.00118609,0.000911846,0.003825762,0.000771839,0.00100583,0.0026425,0.002295696,0.000673547,0.001829634,0.001136383,0.001383171,0.000827176,0.002348746,0.001626097,0.000849112,0.000629184,0.00046074,0.000821477,0.001771592,0.00087799,0.000663951,0.000591869,0.000859239,0.001282275,0,0.003119794,0,0.000924142,0.000479791,0.002135725,0,0.000916143,0.001229618,0.001067164,0.00097867,0.000691797,0.000756539,0.00192737,0.000838202,0.000736551,0
Coprococcus,0.001353437,0.000796135,0.000776162,0.000732616,0.00209681,0.00130411,0.000662317,0.001515348,0.001157154,0.00133519,0.000716723,0.000718486,0.000682449,0.000622088,0.000772533,0.000351362,0.000885452,0.001069056,0.001538315,0.001052646,0.001192511,0.000677482,0.002012776,0.000890443,0.00066085,0.001604736,0.001323061,0.001283717,0.000417055,0.001811013,0.000835636,0.000554269,0.002108339,0.001517998,0.000943525,0.00068984,0.001353169,0.001300442,0.000771904,0.000374788,0.001962358,0.000895456,0.00150061,0.001800918,0.000781685,0.00139972,0.000603658,0.002525267,0.001091953,0.000624283,0.001292025,0.002568662,0.000490783,0.001757779,0.001155071,0.000923315,0.000986061,0.00143001,0.002259236,0.000989043,0.0011321,0.00137607,0.00070344,0.000447174,0.001850965,0.001625677,0.000945519,0.000741466,0.000721192,0.001262349,0.000427429,0.002928181,0.001179734,0.000805307,0.00071514,0.000731093,0.002163874,0.000833896,0.000561359,0.000703419,0.001106145,0.001184715,0.000186875,0.000889165,0.00058102,0.001077138,0.001465399,0.000669189,0.001802697,0.003157678,0.001955984,0.001297677,0.000452167,0.000832871,0.002996587,0.000933771,0.002283398,0.000846069,0.001071845,0.001003743,0.003196574,0.001071999,0.001917766,0.000426595,0.000831059,0.000615047,0.000405349,0.002133408,0.000824195,0.000821706,0.000600124,0.000681525,0.001181341,0.000612959,0.003372118,0.003447615,0.000690614,0.002302001,0.000684761,0.000963178,0.00061383,0.000974003,0.001902873,0.000879243,0.002207367,0.001794514,0.001482161,0.001920898,0.000722675,0.004680304,0.00229124,0.000745833,0.00114957,0.00095825,0.001506224,0.002208354,0.00179532,0.001136043,0.000871634,0.00137248,0.00157488,0.000751941,0.001240291,0.003436494,0.001393311,0.001550582,0.000434181,0.000872546,0.000700876,0.000644892,0.001865097,0.000880937,0.000719912,0.001406315,0.001363953,0.003476236,0.002010347,0.000754025,0.002196939,0.000728707,0.002118485,0.001060883,0.000883375,0.00044254,0.000703413
Dialister,0.000384881,0.000407067,0.000280948,0.000636615,0.000424701,0.000279656,0.003081748,0.000273208,0.00029038,0.000587838,0.00046864,0.001857929,0.000609162,0.000350756,0.000311488,0.000705829,0.000385574,0.000474861,0.000400532,0.001724108,0.003100448,0.002030742,0.000528449,0.000696735,0.002599611,0.000301086,0.002274464,0.001082194,0.000856084,0.000219902,0.000199265,0.000367256,0.001959208,0.001541564,0.00361451,0.000437295,0.000322218,0.000970689,0.000455652,0.001030907,0.00040571,0.000373044,0.002404343,0.000232286,0.000192943,0.002102836,0.002268078,0.00021473,0.000273956,0.000237079,0.000289726,0.002760956,0.001074883,0.000411022,0.000349074,0.000430227,0.000423795,0.001501305,0.002068844,0.000326691,0.002322627,0.001240011,0.000391152,0.000314444,0.003067489,0.00214387,0.000307645,0.000448851,0.001305299,0.000300522,0.000279005,0.003652384,0.002367907,0.000315719,0.000256383,0.000294851,0.0027291,0.000268906,0.000626176,0.000276677,0.00022418,0.000598998,0.000818538,0.000386189,0.000311797,0.000432511,0.002517491,0.002103199,0.000921046,0.000405759,0.002558705,0.000217261,0.000425243,0.000411078,0.000354127,0.000459871,0.001478129,0.000259705,0.000320211,0.000604751,0.000445754,0.000240294,0.000465388,0.000570992,0.000473751,0.000286471,0.002514085,0.001294711,0.00026134,0.000478998,0.000423484,0.000291046,0.000380287,0.000388659,0.000354136,0.00033215,0.002650887,0.000495367,0.000412969,0.000338587,0.000701871,0.000342241,0.001497814,0.000368959,0.002994339,0.000735048,0.000338636,0.002110317,0.000279207,0.001677047,0.000542327,0.000279763,0.000284221,0.000238066,0.000350499,0.000141125,0.000244328,0.001260987,0.000367229,0.00243436,0.002492084,0.000474158,0.000367582,0.000175227,0.002213275,0.001985723,0.000320144,0.000341563,0.000641599,0.000553831,0.003318884,0.000501721,0.002667348,0.000137989,0.002838467,0.001516095,0.000553719,0.000194521,0.000286343,0.000247905,0.000281159,0.000417156,0.001511955,0.000244383,0.001688509
Dorea,0.00199715,0.001178675,0.001702414,0.001572076,0.000932509,0.000536983,0.003557351,0.001362828,0.002496062,0.001124408,0.002539457,0.001347724,0.000936978,0.000890566,0.002721887,0.000852132,0.000995746,0.002486151,0.001276367,0.002038332,0.001581917,0.00063939,0.001639346,0.001684797,0.000660562,0.001939383,0.001239165,0.001203612,0.002273523,0.001552658,0.001623412,0.001045972,0.001440934,0.001280803,0.001401334,0.000864949,0.001011099,0.001739844,0.002135543,0.001371152,0.002247287,0.001022608,0.001792597,0.001821178,0.000798377,0.001628863,0.001252304,0.002707266,0.002598304,0.001289704,0.001551351,0.001612227,0.000679862,0.002225265,0.002306885,0.001356092,0.000959478,0.002017282,0.002404808,0.001823892,0.001590218,0.001532341,0.001636855,0.000885057,0.003099155,0.001421705,0.001485934,0.001074546,0.004215804,0.001366031,0.000786964,0.004190406,0.00304854,0.001562248,0.001584519,0.000855211,0.001264462,0.002174556,0.001864286,0.002125519,0.001604598,0.001260492,0.001128276,0.001468998,0.001390299,0.000634447,0.001259365,0.00067267,0.002426026,0.003800343,0.001441479,0.001723836,0.001415053,0.006241028,0.002937118,0.000609669,0.000899149,0.000761041,0.002757098,0.000966452,0.002099679,0.001129141,0.001520382,0.000706952,0.000894209,0.001179405,0.002366517,0.003025597,0.002492376,0.001340991,0.000516721,0.00161708,0.002409104,0.000572883,0.002564154,0.002911431,0.003163899,0.003407152,0.001435608,0.001439066,0.001589524,0.001864202,0.00135516,0.002026459,0.003122706,0.003527561,0.00140043,0.00185316,0.002346328,0.002012303,0.002779199,0.001787383,0.000989066,0.000547704,0.001466542,0.002078463,0.002244812,0.001764701,0.000957608,0.001999829,0.002564949,0.001755288,0.000720994,0.003217048,0.002050931,0.001540096,0.003073217,0.002174298,0.001761649,0.000897119,0,0.001322585,0.001290018,0.001424177,0.001003565,0.004458565,0.00290114,0.001269516,0.002092068,0.001820636,0.002136864,0.003062214,0.00135519,0.001808816,0.000717932
Escherichia,0.001382373,0.004288866,0.001883591,0.00849307,0.009300209,0.002311545,0.004505385,0.002061838,0.000802709,0.004407994,0.004970784,0.008879703,0.008069341,0.003871364,0.004393885,0.028387712,0.006381833,0.014932934,0.016799527,0.016037367,0.003938318,0.00502203,0.017103667,0.007150623,0.007443933,0.00066185,0.006887107,0.00132224,0.000833412,0.000272596,0.005871129,0.005053968,0.000890081,0.01027576,0.002813807,0.006120235,0.001472428,0.001433938,0.00556675,0.008943583,0.002870154,0.009635646,0.005241243,0.008000808,0.002566457,0.00757931,0.007656573,0.00272138,0.006333835,0.002892113,0.003202086,0.001522847,0.012949343,0.004972093,0.002607973,0.001479277,0.000366339,0.002243986,0.002828789,0.009229739,0.005192539,0.004279563,0.009027556,0.019693137,0.009689146,0.003709146,0.004468084,0.004063622,0.003412706,0.00052522,0.001926042,0.00619066,0.017744126,0.000843036,0.000275623,0.004182219,0.023058645,0.001178499,0.002684882,0.008611551,0.003033915,0.007282132,0.006522913,0.007234863,0.007305622,0.008934928,0.014682201,0.00642842,0.005335414,0.004424938,0.004563732,0.002304757,0.007679302,0.007107658,0.005531262,0.007034698,0.024930087,0.003202432,0.005841305,0.019260557,0.005299306,0.007163671,0.002284342,0.01462819,0.011602248,0.017516626,0.010503664,0.006050058,0.005036057,0.002748721,0.003796055,0.000566569,0.000338113,0.000414617,0.002305121,0,0.002478434,0.001650959,0.000851792,0.005929623,0.016977453,0.01266517,0.015947089,0.002289042,0.002243658,0.004139803,0.006811062,0.011980268,0.000118354,0.005444482,0,0.002268538,0.014286964,0.00341752,0.007683717,0.010018127,0.017109485,0.004193391,0.008871035,0.00108897,0.002507284,0.001546885,0.018588855,0.000647692,0.004288103,0.002069559,0.003889499,0.003783102,0.007399188,0.014415298,0.082197625,0.018070293,0.00900865,0.005975459,0.028463268,0.003844948,0.005222123,0.001776649,0.006632508,0.001862391,0.008491058,0.007634883,0.00511272,0.001477466,0.02616285
Eubacterium,0.003170212,0.00197137,0.001529839,0.000450093,0.000802171,0.000706722,0.002978507,0.001588355,0.003321931,0.00018752,0.002858024,0.00220688,0.00120143,0.000517797,0.002627394,0.000621743,0.000481448,0.003044752,0.000215855,0.00426349,0.007090736,0.000426212,0.001047625,0.00079805,0.000426491,0.000671201,0.003408837,0.000997273,0.005020995,0.003711721,0.005174015,0.000809264,0.002095799,0.001785901,0.001895438,0.001310014,0.001397045,0.001245249,0.000570081,0.001056266,0.000851864,0.002307151,0.000824213,0.002755661,0.00437678,0.00224652,0.001355663,0.002950461,0.002883717,0.000954468,0.001462172,0.006937911,0.000542042,0.001879915,0.001717019,0.002182521,0.004134981,0.002529275,0.001949734,0.001391206,0.001367339,0.002300259,0.001252373,0.001378933,0.006821174,0.0015244,0.003939328,0.00693062,0.002707687,0.00251985,0.001799668,0.001444423,0.001004926,0.001875205,0.002505275,0.001034631,0.000581764,0.001867485,0.000534769,0.00197164,0.000809397,0.004052075,0.001577476,0.001577814,0.000594172,0.005485449,0.000900099,0.000162417,0.001835488,0.004232712,0.002870949,0.003058003,0.001682528,0.003246959,0.005845121,0.000469693,0.002305301,0.00386073,0.001713382,0.000582803,0.001884485,0.002862979,0.002360903,0.000145028,0.00116933,0.001769067,0.003232382,0.000901746,0.004624929,0.001482188,0.000145272,0.006286849,0.002980234,0.000457124,0.002496356,0.002518527,0.00120739,0.000628177,0.002203978,0.001125883,0.000339562,0.001925826,0.001586323,0.005225749,0.00101669,0.002850942,0.00140435,0.00036509,0.000341365,0,0.002439174,0.001558103,0.000336083,0.000361798,0.001614764,0.002845901,0.000984559,0.005434755,0.00147607,0.004173201,0.002747141,0.003416542,0.00398553,0.003697127,0.002335376,0.002484831,0.001762123,0.006938986,0,0.001400528,0,0.00137747,0.000820942,0.001762777,0,0.002719738,0.00252611,0.001286736,0.002573654,0.00307233,0.002366274,0.001679479,0.000965026,0.004628772,0.000707939
Evtepia,0.000823471,0,0,0.00025844,0,0.000206307,0,0,9.02E-05,0,0.000897374,0,0.000254065,0.000596794,0.000933549,0,0,0.001069086,0.001228232,0,0.000678703,0.000192079,0.001240965,0.000393679,0,0,0.00058875,0,0.000181557,0.000299884,0.000432043,0.000188801,0.000450494,0.000820263,0,0.000559125,0.000172286,0.000590101,0,0,0.000783863,0,0.000889975,0.000825751,0.000169467,0.00063044,0,0.000588449,0.000129575,0,0.000800247,0.000110047,0.00157577,0.00023038,0.00084935,0.000597973,0.000384762,0.000789379,0.000927013,0.000923162,0.000496209,0.000914679,0.000986878,0,0.000302053,0,0.000840362,0.000171851,0.00096081,0.000374284,0,0.00023001,0.000165373,0.000627963,0.00054856,0.000669996,0.000340752,0,0.001608238,0.00059188,0,0.000187115,0.000152317,6.89E-05,0.000414101,0.00087799,0,0,0.000224516,0,0.001111112,0.000678626,0,0.000177461,0.001005419,0,0,0.000796743,0.000796937,0,0.00093862,0.000118734,0.000443014,0,0.000118894,0.001219538,0,0.001304951,0.000119807,8.68E-05,0,0,0.000590532,0,0.000853642,0.000590476,0.000191614,0.000969347,0.000439951,0.000140673,0.000228135,0.000384749,0,0,0.000962652,0.000111759,0,0.001212576,0.000100612,0,0.000248692,0.000464865,0,0,0.000164259,0.000554906,0,0.000144248,0.000836765,0.000650312,0,0,0.00079564,0.000421394,0.000538334,0.0007676,0.001060719,0.001131336,0,9.97E-05,0,0,0.000516018,0,0,0.000208557,0.00022002,0,0.000621999,0.000209878,0.000127032,0.000907208,0.000852545,0.000891682,0
Faecalibacterium,0.028107559,0.012653972,0.018004557,0.007599252,0.007315663,0.020665449,0.018312278,0.011855979,0.001511729,0.002106289,0.015024789,0.010296934,0.011609972,0.008725837,0.013549486,0.001491407,0.014189351,0.011921079,0.017993751,0.0181741,0.022486854,0.029526555,0.023208525,0.023232132,0.005587843,0.014307288,0.010392751,0.025171709,0.014999176,0.022210424,0.019144589,0.002344384,0.019386657,0.024276041,0.00142698,0.008633255,0.012364694,0.022089457,0.012038573,0.016528788,0.014292276,0.013168395,0.021451258,0.026423933,0.020228472,0.018926039,0.010555552,0.00458561,0.016473931,0.014592179,0.021111311,0.011522278,0.001555756,0.021701553,0.015720502,0.016924677,0.023143081,0.023804311,0.021004868,0.018129245,0.022854805,0.011647498,0.012666473,0.001288471,0.011499005,0.019149821,0.015975232,0.002552581,0.013605919,0.01060811,0.01090159,0.005131385,0.007682944,0.013671204,0.01811239,0.006589545,0.002750142,0.013167028,0.010108134,0.011989921,0.018149061,0.001456742,0.008063115,0.010785097,0.013865965,0.013046198,0.001886198,0.012772471,0.006807591,0.013891324,0.016918199,0.013687398,0.017797605,0.013879498,0.004940422,0.000671875,0.001613825,0.009024756,0.001685691,0.001916825,0.011999873,0.004447786,0.020512657,0.001476901,0.001568789,0.022034633,0.011660837,0.002019594,0.011877375,0.015139255,0.013934705,0.016788637,0.012860647,0.012512917,0.001515678,0.018365604,0.009467172,0.013639736,0.020898853,0.009014296,0.001155877,0.013837455,0.022471771,0.024332327,0.018163406,0.008202165,0.002267856,0.019704966,0.020855066,0.020168408,0.023420169,0.015901963,0.001442868,0.014457947,0.013633994,0.016183911,0.011201867,0.006408234,0.017628583,0.017235964,0.019423502,0.013812127,0.015673593,0.012499674,0.023182276,0.016836184,0.013824305,0.010736092,0.006234519,0.002755959,0.001240968,0.001412676,0.015463767,0.011026777,0.013452848,0.006552496,0.009480454,0.011694223,0.018477118,0.01521048,0.008724869,0.005309289,0.015930503,0.019135691,0.012282644
Flavonifractor,0.000354686,0.000390018,0,0.001926477,0.000431969,0.000877002,0.000595396,0.001118994,0.000783098,0.002801412,0.000572132,0.000477742,0.001754978,0.000696431,0.00078656,0.000870667,0.001290774,0.000361382,0.0014287,0.000247065,0.000237357,0.000315122,0.001197185,0,0.000882094,0.000819563,0.000497716,0.00046274,0.000450694,0.000370094,0.000174866,0.001670955,0.000409696,0.000491348,0.000439353,0.000905151,0.000504418,0.000471037,0.002169616,0,0.000209146,0.001331248,0.00029123,0.000275958,0.00051398,0,0.000239612,0.001537089,0.000230026,0.000994337,0.000610214,0.000348309,0.002968571,0.000145445,0.0015795,0.000328917,0.000392159,0.000373077,0.000228694,0.00124694,0.000194708,0,0.001100622,0.001841358,0.000709702,0.000208728,0.000697015,0.00135814,0.000393204,0.000422696,0.000766649,0.000611926,0.000921181,0.000245338,0.00064947,0.000244276,0.001525579,0.001526352,0.00076055,0.000866346,0.00057849,0.001429368,0.000983674,0.000605679,0.000567293,0.00016217,0.000967096,0.000376012,0.00098979,0.000386598,0.000427275,0.000621421,0.00066869,0.000702315,0.000771612,0.001106378,0.000900556,0.000491897,0.000682419,0.002213532,0.000947146,0.001772682,0.000307921,0.002080007,0.000586094,0.000241121,0.001047188,0.001583566,0.00098852,0.000539779,0.00157997,0.000532658,0.000876734,0.000858954,0.001703773,0.000110899,0.001662516,0.00041792,7.28E-05,0.001413636,0.000609339,0.001829611,0.000578831,0.000196518,0.000267363,0.001396243,0.001432137,0.001638731,0.000787326,0,0,0.000615954,0.001258785,0.001824017,0.00083471,0.000771085,0.000943373,0.001049058,0.001356298,0.000218801,0.000298354,0.000930342,0.000857118,0.000491029,0.000182736,0.000161371,0.000506372,0.000598342,0.003062023,0.002512782,0,0.001905597,0.001815521,0.000401799,0.003690308,0.000881482,0.000457508,0.00058358,0,0.000221822,0.001046848,0.000361455,0.000458251,0.000223908,0.000922798
Fusicatenibacter,0.000875136,0.000105757,0,0.001443226,0.00082255,0.000805962,0.00080104,0.000596128,0.00077568,0.000406227,0.00176936,0.000702407,0.000653389,0.000291314,0.00183117,0.000225434,0,0.000309023,0,0.000872987,0.00025669,0.000670669,0.000608359,0.000448277,0.000552676,0.0002218,0.000895664,0.000374971,0.002880414,0.000639953,0.001592515,0.000290786,0.001428713,0.000857671,0.001900571,0.00024505,0.000763845,0.000705891,0.000872435,0.001356007,0.000465195,0.001680034,0.000676559,0.000705277,0.000566991,0.001626348,0.000326774,0.001007272,0.002307023,0.000174214,0.000653298,0.001487915,0.000260138,0.000899097,0.001449318,0.000189333,0.000700703,0.000559557,0.001707528,0.000114148,0.000258783,0.000467648,0.000810806,0.000412369,0.001468626,0.000513589,0.000866203,0.000189742,0.001602153,0.000848942,0.000212825,0.001405016,0.002119017,0.001291067,0.001108165,0.000992858,0.0016926,0.000772125,0.002086318,0.00081367,0.00040328,0.004110471,0.001206621,0.000620759,0.000461566,0.000854887,0.001432934,0.00079417,0.001108147,0.00181831,0.000630623,0.000970691,0.000165085,0.00217435,0.001981775,0.000578532,0.000342338,0.00121898,0.000679992,0.000818577,0.000976932,0.001104859,0.001116701,0.000908217,0.00058455,0.000338429,0.000775725,0.001412975,0.001671649,0.000241361,0,0.001366716,0.002253961,0.000760508,0.000871631,0.001773282,0.001677009,0.000584567,0.000341027,0.000569658,0,0.000793557,0,0.001286411,0.001473429,0.001406789,0.000926436,0.000532302,0.001298939,0,0.003866146,0.00045453,0.00045329,0.000406701,0.001439612,0.000956361,0.000831481,0.000474502,0.000412725,0.000614389,0.001442306,0.001365174,0.001266572,0.001840297,0.000813106,0.000759597,0.00094286,0.000688524,0.000617787,0.000434599,0,0.000286928,0.001321304,0.001676716,0,0.002283315,0.001275498,0.000657287,0.000712383,0.001791312,0.001402906,0.002118228,0.002731624,0.000321805,0
Intestinibacter,5.78E-05,0,0,0.001087676,0.001749891,0,0.000119441,0.000215269,0.001074861,0.001871667,0.000560684,0,0.000742782,0.000322135,0.000108683,0.000565989,0,0,0,0,0.000412945,0.001175895,0.000185515,0,0.000564245,0.000472314,0.000658383,0.0006321,0.000328897,7.21E-05,0.001526384,0.000511315,0.000142361,0.000308541,0.000340113,0.001396649,0,5.25E-05,0.001196247,0.000325296,0.001171448,0.000173922,0.000201041,0.00017374,0,0.001320343,0,7.33E-05,0.001019751,0.001141336,0.00018033,0.001448295,0.000232807,0.000206824,5.54E-05,0.00015559,6.09E-05,0.00029896,0.001392097,0.000667763,0.000977178,0.000138953,0.000432344,0.000964346,0.000913701,0,0.000580885,0.001301027,0.000238584,0.000150983,0.001817365,0.001674957,0.000391821,0.000365187,0.000139449,0,0.00075738,0,0,0.001351182,0.000605183,0.000481745,0.000164421,0.00057334,0.000243466,0.000636272,0.001006055,0.000684784,0.001538919,0.000177431,0.000343027,0,0.002257104,0.00101549,0.000195479,0,0.003703712,0.000281699,0.001826919,0.0005352,7.96E-05,0,7.60E-05,0,0,6.73E-05,0.000918269,0.000217638,0.001723729,0.000524694,0.000452141,0,0.001694024,0,0.000407442,6.79E-05,0.00017609,0.001387155,0.000313967,0.001063251,0.00211744,0.000332885,0.000487105,0.000994239,0.000820593,0.001320603,0.000156844,0.000220857,0.000111995,0,0.000301095,8.42E-05,0.000153582,0,7.79E-05,4.27E-05,0.000828402,0.000217265,0.000140199,8.85E-05,0.000934424,6.00E-05,0.001247337,0.000938809,0.000800542,0.000462224,0,0.001006614,0.001247716,0.001806216,0,0.001776987,0.002042545,0.000909157,0,0.000284226,0,0.00061589,0,0.000509789,0.00059116,0.001190559,0.001224501,8.58E-05,0.000612702
Klebsiella,0.00037047,0.006047265,0.001017686,0.001168646,0.010898061,0.000963667,0.002024168,0.001197909,0.000422736,0.001224279,0.000622867,0.002705957,0.000707969,0.000482797,0.000355603,0.004104789,0.001302408,0.003492409,0.002911922,0.007466784,0.000430318,0.000831838,0.002747565,0.001374648,0.001418298,0.000347377,0.001248698,0.000605115,0.001029096,0.000113109,0.003335097,0.000701519,0.000454039,0.002395212,0.000541936,0.007697944,0.001141865,0.000284906,0.001023808,0.008202922,0.000742817,0.002193569,0.00077517,0.001285554,0.001136029,0.00342923,0.002159099,0.000689094,0.00200639,0.000516706,0.000647098,0.000151526,0.003796367,0.001223013,0.000349764,0.000577506,0.000263759,0.001077966,0.001115027,0.003865248,0.001273056,0.001049336,0.001534526,0.003018917,0.001354175,0.000335884,0.000763074,0.003037536,0.003963202,0.00033976,0.000918183,0.00199545,0.002526885,0.000394835,0.000361564,0.000667744,0.002371159,0.000547725,0.000737415,0.001115934,0.00365181,0.001406517,0.001427198,0.003735434,0.001233054,0.008242846,0.002612329,0.003573036,0.00129278,0.000610387,0.001289349,0.000292131,0.00150692,0.000997881,0.001102847,0.001330061,0.002985461,0.000652677,0.003399208,0.003037562,0.000900507,0.000856519,0.000412127,0.009658613,0.011669736,0.003187734,0.003907816,0.000802643,0.000637915,0.000782401,0.001172743,0.000867412,0.000282311,0.001273591,0.000637393,0.000174958,0.000546941,0.000529413,0.001268447,0.008483985,0.003570233,0.005449856,0.002960638,0.000996942,0.000431328,0.000931704,0.001483708,0.001703757,0.00053071,0.001809437,0.000692972,0.000724139,0.002124313,0.00094592,0.001313549,0.001635218,0.003359101,0.000897643,0.007254237,0.000524666,0.001270991,0.000390914,0.011759276,0.000237896,0.003651618,0.001459765,0.000491861,0.001599402,0.001345539,0.002900338,0.011111863,0.002579213,0.001438351,0.001247754,0.005272708,0.000719715,0.005699019,0.000693196,0.000975196,0.00062763,0.001419237,0.001494548,0.00074575,0.000269677,0.00610977
Lachnospira,0.008150779,0.005597858,0.001751119,0.001163576,0.003169431,0.00218128,0.006525597,0.004255115,0.005904919,0.006951464,0.005689256,0.003826217,0.002979139,0.001448208,0.002874293,0.001722286,0.001351899,0.007462333,0.003545632,0.008382667,0.004157366,0.001964097,0.004650331,0.002096491,0.003416706,0.005597853,0.006460073,0.003530615,0.006411769,0.005300591,0.005544586,0.003341518,0.006146244,0.004892246,0.003229096,0.001765115,0.00417785,0.00548023,0.002681833,0.001516798,0.001599183,0.01012548,0.002122237,0.005469496,0.002268022,0.002805979,0.00227433,0.004591064,0.005616913,0.004756989,0.003728755,0.002711009,0.001150262,0.005070101,0.006192995,0.00224214,0.007290726,0.006279565,0.00219215,0.001056214,0.003448519,0.004551367,0.007271139,0.001994071,0.00514351,0.009780275,0.005121198,0.005870873,0.002015447,0.003486403,0.008590507,0.007548724,0.006182364,0.009925859,0.002702791,0.009282813,0.003413001,0.003661583,0.007052643,0.004052511,0.005779078,0.008097089,0.00259126,0.002439202,0.003720358,0.008218556,0.002328156,0.005703992,0.004449543,0.014612732,0.008955379,0.00820624,0.003758533,0.003913025,0.004361189,0.001245782,0.003342155,0.007073742,0.00713551,0.0012228,0.002333513,0.005247978,0.007461802,0.001056186,0.004141764,0.002879246,0.002574295,0.008417363,0.004469996,0.001898683,0.000916445,0.009899689,0.010287228,0.002720237,0.00159594,0.001168549,0.00237427,0.008786024,0.004030193,0.003134787,0.00078221,0.006599672,0.003689949,0.00703261,0.001458653,0.004950424,0.001500934,0.00461745,0.005249973,0.003365638,0.004331907,0.007258899,0.001433308,0.001987719,0.002774763,0.004598329,0.001050631,0.005407928,0.003599489,0.003270037,0.01002865,0.007047945,0.002822396,0.008666111,0.007324558,0.003909092,0.000964579,0.006881388,0.001298647,0.003999605,0,0.008854466,0.006687642,0.006360177,0.002846015,0.001909706,0.000968661,0.009487591,0.003735736,0.013082881,0.006630943,0.001828702,0.00484588,0.001185758,0.002082926
Mediterraneibacter,0.00111411,0.001828929,0.00097373,0.001755531,0.002080215,0.001210868,0.00225124,0.001349008,0.002950667,0.002949047,0.001775751,0.000831307,0.001507014,0.002023409,0.001295685,0.007627388,0.002781377,0.001947794,0.001116509,0.003901376,0.001135628,0.000668722,0.001906019,0.000352591,0.003304892,0.002078061,0.002972624,0.000760978,0.001334114,0.000523768,0.001017566,0.004355108,0.001113898,0.001067154,0.002896556,0.003809873,0.001151392,0.001020757,0.003490413,0.000824215,0.0009749,0.004772401,0.001671593,0.001278534,0.000871096,0.000731603,0.000215878,0.001363667,0.001410802,0.002416291,0.000675928,0.001253492,0.004204511,0.001592475,0.00383493,0.000901052,0.00097727,0.000781316,0.001258938,0.001573435,0.001283159,0.001260841,0.001799298,0.003074962,0.000622121,0.001190839,0.001698387,0.00167368,0.002502734,0.002480759,0.001487994,0.001665438,0.003717118,0.001394669,0.002728249,0.00209759,0.006098908,0.00194544,0.006724031,0.000814888,0.002783027,0.003283329,0.002523372,0.001896393,0.00189991,0.00134323,0.004406213,0.001390482,0.002076288,0.004340254,0.000859235,0.000744021,0.001376874,0.003053095,0.002586027,0.003690325,0.004854009,0.001470766,0.003247454,0.006174981,0.002918118,0.003414743,0.001515775,0.001236583,0.00183986,0.000803857,0.001052664,0.003780794,0.001575418,0.002116349,0.002447262,0.002552703,0.001886998,0.002589637,0.004222959,0.001253348,0.002650613,0.001227889,0.001353867,0.003201417,0.006595695,0.002327349,0.001916193,0.001666664,0.001730058,0.002347395,0.006225703,0.000536813,0.001209027,0,0.00117728,0.000947962,0.003915865,0.002499992,0.003288841,0.001998495,0.002447873,0.003549919,0.002470632,0.001796825,0.001757778,0.002044591,0.001671759,0.002256587,0.001384959,0.001022295,0.000914744,0.003954048,0.005385959,0.004618126,0.001598326,0.005174991,0.001538752,0.00311362,0.007187222,0.001631158,0.001375664,0.000819112,0.001566052,0.00099353,0.003332536,0.005638118,0.001465102,0.001750553,0.003356675
Megamonas,0.000578258,0.008014121,0.012987935,0.001281293,0.007033001,0.000558989,0.000818793,0.007976303,0.001835268,0.000676371,0.00088305,0.020691088,0.000618065,0.000826672,0.000619058,0.000333673,0.000620599,0.007295556,0.001092411,0.000538727,0.000551228,0.012077588,0.001040644,0.000760918,0.000835378,0.000514178,0.000373786,0.000533005,0.016947494,0.000495091,0.000794764,0.001011431,0.000420335,0.00912662,0.0006733,0.000636034,0.004574425,0.000556676,0.000537741,0.013641396,0.000483907,0.000627019,0.000556262,0.000628805,0.000682255,0.010437806,0.015750902,0.010287423,0.015867995,0.000487059,0.00061112,0.000625751,0.010414524,0.008103513,0.000535561,0.001575342,0.00068595,0.000749543,0.00068334,0.006518087,0.005256693,0.00394983,0.012884103,0.013088651,0.000320364,0.00070312,0.012014519,0.000837107,0.000979327,0.007496743,0.014733396,0.000276472,0.00063116,0.000754525,0.009780691,0.007021119,0.002481735,0.000346959,0.001490604,0.000664075,0.000593848,0.000735282,0.015235142,0.000554314,0.000592686,0.000969556,0.001013126,0.008868138,0.004580584,0.000529328,0.004872957,0.000871001,0.010199139,0.000968834,0.00055267,0.000422508,0,0.000817126,0.000764337,0.000897868,0.000697129,0.000336679,0.000613967,0.000711688,0.000595816,0.000837823,0.013042494,0.001042168,0.000586252,0.000305446,0.018201971,0.009783877,0.002064339,0.021164846,0.000918388,0.000686171,0.000456785,0.000458878,0.0054006,0.000800687,0.000574305,0.000876526,0.000918973,0.009393654,0.002018579,0.000392622,0.000714286,0.000738896,0.012368728,0.002676977,0.001044487,0.000410465,0.002957748,0.015459225,0.000619902,0.000576528,0.000484284,0.000801502,0.000792772,0.000636527,0.000469476,0.000512257,0.00054375,0.005335939,0.000448162,0.007173928,0.010827155,0.000605113,0.001417583,0.002080691,0.010685726,0.000548058,0.000536344,0.000803412,0.008919532,0.009807154,0.004160367,0.000636164,0.000539734,0.009822375,0.000581932,0.001031593,0.00122047,0.00091322,0
Negativibacillus,0.000215784,0.000293429,0,0.000160904,0.000244358,0.000928152,0.000321891,0.000835813,0.001273249,0.002012561,0.000204061,0.000275766,0.000160282,0.001554174,0.001048745,0.000410709,0.000239918,0.001209299,0.000177756,0.000277301,0.000193693,0.000152535,0,0.000883126,0.0002718,0.000284272,0.000182526,0.000141335,0.000229473,0.000253089,0.000497027,0.000374991,0.000187349,0.000265849,0.000341149,0.000308245,0.000768297,7.30E-05,0.000296656,0.000293138,0.000290365,0.000237916,0,0.00083363,0.000477666,0.00071421,0.000301554,0.000108539,0.000272891,0.000142137,0.00124225,0.000287118,0.000210275,0.00013637,0.000100605,0,0.000570317,0.000950136,0.000237909,0.000579286,0.000388271,0.000634432,0.000251072,0.000201174,0.000449102,9.93E-05,0.000301734,0.000355564,0.000174098,0.000311592,0.000286212,0.00034818,0.000434021,0.000404756,0.000196444,0.001112332,0.000926182,0.000285059,0.000326847,0.001356353,0.000252844,0.000397027,0.000221914,0.000286619,0.000149481,0.000228107,0.000232577,0.00031855,0.00025501,0.000480542,0.000338096,0.000264366,0.000267572,0.000389718,0.000213391,0.000491985,0.001030896,0.000135394,0.000180755,0.000720499,0.000358025,0.00193754,0.000411464,0.000191692,0.000374915,0,0.000209271,0.000615322,0.000269932,0.000122486,0.000239858,0,0.000285626,0.000367039,0.000321882,0.000106302,0.000254448,0.000857586,0,0.000244308,0.000314065,0.000957857,0,0.000386617,0.000671582,0.000269425,0.000382765,0.00102256,0.000160892,0,0.000312942,0.000116202,0.000199666,0.000180126,0.00030867,0.000120546,0.000264172,0,0.000150016,0.000972401,0.000253655,0.001269386,0.000275892,0.000271075,0.000635133,6.31E-05,0.000290082,0.000221868,0.000362874,0.000136878,0,0.000396204,0.000473975,0.000326652,0.001550793,0.000295778,0.000292638,0.000235883,0.000242764,0.000146926,0.000179884,0.00034986,0.000245757,0.000145043,0
Oscillibacter,0.002636336,0.000390101,0.000131311,0.000521864,0.000348449,0.001062735,0.000456005,0.002323742,0.00052018,0.000637557,0.000600077,0.000280413,0.000624689,0.001496013,0.00168579,0.000398976,0.000840074,0.000470373,0.003216645,0.000372848,0.001853776,0.000989419,0.001627048,0.000927178,0.000761345,0.000494977,0.000390306,0.001580909,0.000227776,0.001638877,0.001149029,0.000231315,0.000655242,0.002343339,0.000476722,0.000296032,0.000823268,0.002755212,0.000363988,0.000261256,0.001226648,0.000217321,0.00220315,0.003230507,0.000379313,0.00134418,0.000323048,0.000516854,0.000238523,0.000144478,0.002059153,0.000895659,0.000501561,0.00183015,0.000417434,0.003966668,0.001526879,0.000989729,0.002760863,0.00067762,0.002108258,0.003988893,0.000251067,0.000503713,0.000814495,0.000306138,0.000550608,0.000347357,0.001346439,0.001239062,0.001010372,0.000569406,0.000404785,0.000602196,0.001214421,0.001060673,0.000986814,0.001950127,0.001153613,0.001180498,0.000670491,0.00034554,0.000527825,0.000694462,0.000286837,0.000713977,0.00061776,0.000627887,0.001812021,0.000389824,0.003052925,0.001972687,0.000249485,0.00062598,0.00078553,0.000272537,0.000890377,0.001357648,0.000185076,0.000715584,0.00206258,0.000526075,0.002285586,0.0003557,0.000205691,0.002840318,0.00067511,0.000975466,0.000649659,0.001693794,0.000659891,0.000210772,0.000660721,0.000223074,0.000100548,0.003210156,0.000262092,0.005158869,0.001903623,0.000446657,0.000302878,0.001590829,0.000331118,0.001336218,0.001452277,0.000666255,0.00011622,0.000394146,0.000101899,0,0.000246657,0.0001966,0.000325239,0.001530638,0.000604907,0.001133355,0.001131124,0.000163354,0.000874243,0.003021187,0.000719071,0.000518878,0.000663315,0.000314609,0.002216336,0.002525797,0.001879732,0.000496161,0.003151441,0.000645933,0.002456352,0.000487353,0.000324498,0.000473027,0.001359488,0.000444525,0.000435559,0.000424762,0.000457183,0.000526127,0.000242975,0.000275682,0.000785364,0.002320489,0.000989374
Parabacteroides,0.000384244,0.000742688,0.000112235,0.001069934,0.000829085,0.000332421,0.000125819,0.000474983,0.001109717,0.000583088,0.002134367,0.000420459,0.000299471,0.00089337,8.98E-05,0.00051469,0.000161486,0.000529991,0.0015006,0.000702527,0.000253809,0,0.001057549,0,0.000579187,0.000383273,0.00037085,0.001045391,0,0.000242272,0.000341195,0.003092344,0.000243271,0.00061982,0.000393344,0.001760547,0.000967922,0.000146521,0.00027733,0.000163888,8.55E-05,0.001914961,0.000311445,0.000700007,0.001197844,0,0.000387504,0.000797533,0.000252403,0.000344868,0.000991005,0.000370571,0.002571179,0.000100375,0.001015026,0.0005625,0.001200688,0.000202309,0.000549097,0.001372545,0.000369767,0,0.000320025,0.001475914,0.000230903,0.000762342,0.0003651,0.001295211,0.000300884,0.001224256,7.77E-05,5.63E-05,0.000221113,7.87E-05,0.000485499,0.000816819,0.00195819,0.000713423,0.001807409,0.001113292,0.000952787,0.000238882,0.000118803,0.001278559,0.000627719,0.000414213,0.00038182,0,0.000287187,0.000209895,0.000829215,0.001038232,0.000210364,0.000593884,0,0.002318694,0,0.000540986,0.000690674,0.00040499,0.001168973,0.000675516,0.000539253,0.000169579,0.000100877,0.00056975,0.001284653,0.000859549,0.000310122,0.000299048,0.002208109,0.000296993,0.000259062,0.001188019,0.000513214,0.000190312,0.000426891,0.000135621,0.000266764,0.001015694,0.000383867,0.000942445,0.000486626,0.000138189,0.000238643,0.000739519,0.000906262,0.000520831,8.97E-05,0.001376468,0.000211403,0.000919831,0.001481828,0.000930906,0.000441603,0.000406319,0.001142295,0.001022244,0.000681825,0.000403657,0.000339991,0.000779429,0.000448327,0,0.00029527,0.000108444,0.000757429,0.000559051,0.001686351,0.001157907,0,0.001920326,0.000370311,0.000667587,0.001363742,0,0.000458675,0.000933093,0.000457889,0.000176702,0.001463503,0.000280504,0.000743748,8.46E-05,0
Parasutterella,0.002502454,0.001343239,0.00146606,0.000453462,0.00029447,0.000262928,0.000547966,0.002294273,0.000884631,0.001902295,0.000341562,0.001020699,0.000209509,0.00442597,0.004639937,0.003004001,0.000865475,0.002520112,0.0003337,0.000876453,0.000447007,0.000461504,0.003633883,0.001003859,0.001717302,0.006449919,0.004490231,0.003320979,0.001092268,0.000433438,0.000330722,0.001069793,0.000940083,0.00185473,0.001088032,0.000986218,0.003320641,0.000241604,0.003466569,0.001049406,0.000780881,0.000999619,0.001685192,0.000645189,0.003292656,0.002156708,0.000563073,0.000326379,0.000666195,0.000570375,0.000356544,0.000683442,0.000882911,0.000492872,0.000956645,0.000286246,0.000968222,0.001253016,0.002782744,0.002480114,0.003118801,0.000517798,0.000905047,0.005444094,0.001867027,0.001168761,0.000625708,0.000638805,0.001973476,0.000822622,0.001039651,0.00422323,0.000564416,0.000674947,0.004171826,0.000501541,0.000256485,0.000412997,0.000382028,0.000410463,0.0006513,0.000446271,0.002824965,0.000584365,0.004938978,0.00255665,0.000333934,0.000971649,0.000450973,0.00116985,0.001303556,0.005440808,0.001469566,0.000710631,0.000554716,0.008914071,0.001550801,0.000836473,0.003613833,0.000717526,0.005492079,0.00020862,0.000957636,0.000657075,0.000677233,0.000690585,0.005574006,0.000924287,8.00E-05,0.000398432,0.005749858,0.000255144,0.000421719,0.000449464,0.000408941,0.000402223,0.000167154,0.005560766,0.000963867,0.00082425,0.001295774,0.000847995,0.002274732,0.000279915,0.00121341,0.000747272,0.006984522,0.004780374,0.000276027,0.002743519,0.000321434,0.003129337,0.005659431,0.00129884,0.000483359,0.000787193,0.000663266,0.000748751,0.000934316,0.003925964,0.00532669,0.00096179,0.005222009,0.000518466,0.000816837,0.003146063,0.001313135,0.00076548,0.000859145,0.000824383,0.004847015,0.000984054,0.004530648,0.000326393,0.002287294,0.000614043,0.000775846,0.000590251,0.000786314,0.000778002,0.003501832,0.000664204,0.001873167,0.005653679,0.002431555
Phascolarctobacterium,0.00146939,0.005767444,0.009901782,0.000800436,0.00828948,0.003802829,0.005633111,0.003773561,0.007793738,0.001058582,0.006327939,0.003342671,0.00068336,0.005214904,0.005691822,0.010326169,0.006596722,0.004542775,0.004668203,0.001929361,0.001451135,0.002372921,0.000374905,0.000440987,0.000256739,0.007511556,0.002472481,0.000254476,0.00014136,0.004181609,0.00444831,0.006527719,0.000910596,0.000463858,0.000514208,0.007715919,0.00654505,0.005247075,0.005312096,0.005527808,0.008223582,0.004182741,0.001442241,0.004661689,0.006329769,0.000921987,0.000866411,0.005195768,0.000319793,0.00754375,0.006841393,0.000340551,0.005428556,0.00474492,0.004287638,0.009139613,0.005260226,0.002089813,0.000341207,0.00526725,0.001692536,0.002836997,0.003589683,0.004007908,0.000380986,0.00635958,0.002462862,0.003700112,0.002228229,0.006367029,0.003720556,0.000977325,0.000368571,0.001638373,0.006678832,0.006944768,0.001030606,0.008575134,0.003720759,0.005016275,0.006617276,0.004932113,0.003322192,0.006276109,0.006354416,0.002597931,0.000197896,0.000640412,0.003611017,0.005003505,0.000901865,0.007897203,0.006032341,0.006032343,0.00532435,0.000246425,0.009265824,0.005233686,0.004138114,0.000200285,0.008631671,0.008042366,0.00508615,0.005160097,0.006166631,0.006112204,0.001082539,0.002654972,0.003951842,0.00469098,0.006578104,0.002039821,0.005632279,0.005517975,0.008930591,0.002502172,0.000385073,0.00719867,0.006128993,0.004935726,0.000444032,0.004898304,0.003620316,0.00107998,0.001872918,0.007188167,0.007129412,0.002280632,0.002416932,0.006550363,0.000516373,0.006318969,0.010483234,0.005355438,0.005805362,0.004858255,0.006282637,0.001034247,0.003989036,0.002367167,0.000523884,0.001930756,0.009194472,0.005053227,0.004344547,0.003418622,0.004549883,0.004737566,0.01600241,0.006177369,0.001989074,0.00019205,0.000556779,0.000596096,0.00396014,0.008707645,0.004606214,0.000404353,0.007977242,0.000434331,0.005311147,0.001684644,0.001185063,0.007222801,0.001307242
Phocaeicola,0.013377436,0.011655418,0.002694157,0.012255757,0.01156142,0.006662185,0.003767659,0.014078001,0.021470325,0.002666328,0.000900889,0.009192636,0.010950143,0.021037662,0.00304655,0.026313132,0.021037832,0.00312049,0.007748678,0.005082991,0.008029304,0.008328719,0.005330645,0.004592782,0.012825896,0.004254733,0.022206976,0.007231973,0.002203238,0.006214829,0.004450366,0.003933046,0.00428925,0.00247319,0.007883148,0.009894878,0.016564183,0.020415737,0.007254444,0.004251801,0.001485532,0.003154713,0.009173352,0.005929068,0.005905385,0.002133789,0.002918676,0.014957612,0.001049798,0.028776881,0.002894128,0.023020352,0.007651076,0.007155752,0.009558695,0.002566867,0.006856855,0.004625169,0.00443322,0.01314837,0.003451478,0.006595865,0.014039709,0.023957596,0.027699115,0.005591841,0.009046182,0.003757679,0.010369034,0.006357476,0.03128454,0.005343852,0.00849795,0.014722895,0.021069395,0.017065439,0.003026534,0.00943656,0.0074202,0.003961884,0.013428793,0.007868341,0.025407084,0.008813693,0.004804345,0.004748241,0.001542051,0.005608007,0.008361579,0.006566832,0.009696813,0.006983187,0.021677427,0.004934502,0.011228956,0.015264422,0.002044132,0.01633641,0.006489695,0.003401345,0.016277289,0.009546889,0.007582517,0.010975521,0.005217315,0.007571604,0.01752671,0.006123611,0.005115918,0.008618256,0.00968734,0.005037721,0.006525208,0.010478722,0.00633403,0.002894672,0.019338593,0.007687538,0.015525322,0.009148435,0.015130473,0.009389685,0.002587149,0.003047209,0.005776955,0.008184345,0.008885375,0.010636091,0.021441359,0.001795062,0.006747371,0.018304277,0.011092854,0.007724114,0.008047583,0.006106347,0.007646984,0.006173874,0.008249488,0.014576989,0.01872202,0.00699744,0.008179854,0.009466782,0.00654526,0.01285547,0.005989339,0.005015661,0.014385422,0.003127538,0.005370443,0.010491477,0.007747421,0.002065058,0.005455681,0.003044027,0.00188315,0.016272157,0.019384214,0.005763895,0.005712006,0.002715235,0.005818222,0.007982235,0.005236662
Prevotella,0.002046694,0.004492842,0.104594694,0.010147236,0.004207892,0.002636351,0.069732953,0.002872671,0.002977654,0.007847913,0.00255281,0.003316223,0.003187067,0.003727701,0.001994882,0.00271146,0.003372311,0.013623967,0.02192683,0.002097675,0.061734838,0.043799707,0.01339347,0.029266749,0.00327182,0.054922983,0.002241001,0.002119271,0.001708649,0.002813539,0.002655555,0.003546255,0.001940543,0.002560219,0.002229488,0.002991257,0.002375616,0.001944451,0.002152417,0.047780168,0.084155288,0.002701971,0.055026542,0.001641738,0.012601532,0.003213861,0.098988712,0.011658197,0.002513781,0.043371383,0.002636368,0.002481658,0.003183757,0.048368481,0.001846427,0.094276971,0.002636651,0.070663853,0.001903006,0.001640815,0.044166646,0.058322948,0.002158184,0.002895797,0.005014524,0.030555421,0.002474924,0.004068477,0.003371411,0.001905861,0.003905638,0.038610713,0.003989211,0.002375496,0.001871823,0.003735512,0.003902432,0.00236312,0.05223316,0.00208585,0.003052908,0.00490792,0.003881677,0.002794668,0.019569908,0.002086607,0.002733338,0.040473951,0.002533586,0.001823096,0.022845086,0.002657991,0.002644103,0.002203169,0.003178368,0.004304658,0.005622336,0.010338751,0.002298061,0.004050781,0.00261625,0.002878799,0.002070795,0.003652342,0.002894305,0.053626705,0.002152001,0.003269586,0.002396539,0.002440869,0.002852352,0.001853395,0.002826725,0.004172772,0.002651777,0.044397444,0.002136219,0.046964892,0.05660204,0.002586449,0.004212032,0.002584728,0.025728462,0.000984958,0.036365681,0.002399128,0.003174187,0.002923733,0.002967635,0.02999558,0.002478326,0.002519041,0.004090293,0.002883224,0.002131161,0.002106178,0.002158455,0.0036334,0.003609954,0.039697973,0.002306376,0.005775157,0.001884226,0.001802253,0.03935644,0.03720876,0.043706178,0.002975386,0.031388568,0.008617963,0.01112072,0.003097169,0.002303823,0.002976583,0.004485572,0.035549858,0.054001192,0.003143723,0.002968862,0.002288022,0.002433832,0.002505117,0.003200355,0.051803623,0.00804536
Prevotellamassilia,0.000327404,0.000485566,0.005212015,0.000835429,0.000713835,0.000447763,0.000615666,0.000453915,0.000747643,0.00050186,0.000144135,0,0.000467523,0.000495857,0.000260172,0,0.000470439,0.000259909,0.000957836,0,0.000446288,0.000344287,0.000337297,0.000778501,0.00041019,0.000841596,0.000340033,0.000252851,0.000199827,0.000281648,0.00024533,0.000173003,0.000270573,0.000322094,0.000506808,0.000335994,0.000226101,0.000239553,0.00046121,0.000959062,0.00379644,0.000208718,0.000389834,0.000357226,0.000329235,0.000308405,0.005136762,0.00042417,0.000463164,0.000338154,0.000278796,0.000350415,0.000514753,0.000577031,0.000323455,0.003351265,0.000193274,0.002318796,0.000392523,0.000312178,0.000486283,0.000212234,0,0.000291562,0,0.000106659,0.000427718,0.000283531,0.000265145,0.000296456,0.000460893,0.000419626,0.000526947,0.000305036,0.000494647,0.000144757,0.000467203,0.000235408,0,0.000248239,0.000460112,0.000391034,0.000502932,0.000301076,0.000327991,0.000247785,0,0.00037574,0.000340594,0.000216598,0.000642835,0.000231457,0,0.000118196,0.000210845,0.000609802,0,0.000442173,0,0.000243368,0.000389654,0.000361742,0.000477927,0.000511365,0.000383333,0.000592351,0.000309363,0,0.000252161,0.000490715,0.000418727,0.000255635,0.00033803,0.000651397,0.000363164,0.000273737,0.000446696,0.001154589,0.000821244,0.000353396,0.000486964,0.000390004,0.001463589,0.00010902,0.00013124,0.000147423,0.00050657,0.000499725,0.0001564,0,0,0.000361023,0.00084075,0.000607499,0.000304478,0.000393585,0.000269568,0.000386256,0,0.000398548,0.000229252,0.000204943,8.76E-05,0.000207497,0.000484158,0.000281168,0.000285803,0.000211265,0,9.31E-05,0,0.000471509,0.000434491,0.000134042,0,0.00032443,0.000378761,0.000211637,0.0003429,0.000232339,0.000140059,0.000382442,0.000248412,0.000612895,0
Romboutsia,0.000347869,0.00332915,0.005286379,0.000287925,0.001253623,0.001923565,0.003205821,0.000241851,0.002324428,0.001513969,0.002857789,0.00250157,0.002066915,6.42E-05,0.001111099,0.000187391,0.000295114,0,0.00156001,0.000227401,0.00268747,6.29E-05,0.000105459,0.000775818,0.001676733,0.002232093,0.001253644,0.000875759,0.000422042,0.000274314,0.002512084,0.000124731,0.001450708,0.001057722,0.002991821,0.000748861,0,0.000229035,0.001757898,0.005170737,0.000928783,0.000294245,0.001457339,0.002239835,0.00084575,0.002642163,0.005638541,6.46E-05,0.002167666,0.000894343,6.08E-05,0.003479029,0.002494639,0.000928139,0.000194765,0.001123747,0.000157858,0.002836812,0.000830608,0.00097071,0.002546932,0.001388315,0.001655219,0.000105996,0.003157381,8.78E-05,0.000485196,0.000567241,0.001170693,0.003404769,0.004742706,0.002267246,0.000863006,0.000285889,6.16E-05,0.000209673,0.001766652,0.00260127,0.003555695,0.000987787,0.001522896,0.002300395,0.000293883,0.000394151,0.000224152,0.000266904,0.000119601,0.000407129,0.002081593,0.003613891,0.000206341,0.001422978,0.003075287,0.001586709,0.00292485,0.000334415,0.000345086,0.001890401,0.003166711,0.000378164,0.001853871,0.002389157,0.002295892,0.001133051,0.000130374,6.56E-05,0.000382022,0.000190554,0.002952077,0.000620999,0.000147818,0.000168669,0.001743683,0.000496077,0.000746958,0.000238968,0.000491519,0.000260427,0.001206067,0.000312846,0.000542673,0.000883332,0.000506993,0.005412323,0.001841947,0.002179549,0.002251902,0.000250143,0.001291844,0.001272669,0.000183881,0.001614388,0.002264858,0.000123207,0.002618233,0.000332006,0.001184025,9.60E-05,0.000392921,0.001404616,0.002246858,0.000217857,0.001843969,0.000138728,0.00121938,0.00169773,0.000100001,0.001206481,0.002655288,0.000359629,0,0.001084746,0.000918533,0.000116322,0,0.001968891,0.001739756,0,0.00016747,0.00118294,0.000361136,0.002238578,0.002526832,0.000862535,0.000626852
Roseburia,0.007453627,0.003514435,0.004361225,0.003544749,0.010315902,0.010804823,0.011093149,0.011539345,0.002310862,0.008705776,0.005039702,0.004920575,0.006645604,0.014023339,0.00758878,0.001315454,0.001373262,0.005224027,0.008344284,0.001797951,0.004127478,0.001853617,0.002852191,0.008840945,0.010188777,0.004024757,0.012337098,0.007384601,0.011857324,0.005597229,0.010966148,0.001902615,0.00414104,0.014269612,0.007650488,0.006643484,0.00908949,0.005714695,0.00196833,0.001251704,0.003417441,0.006472327,0.008971618,0.006365736,0.006440727,0.010026911,0.001386452,0.0111171,0.006341426,0.005619817,0.004782415,0.006217823,0.001614962,0.00405126,0.006031424,0.00759805,0.006926821,0.004537887,0.007006946,0.001267488,0.00721161,0.006877129,0.003920467,0.004342141,0.00277303,0.007490836,0.012175655,0.011246467,0.005275629,0.010390809,0.013472247,0.002989504,0.005270149,0.00902605,0.003775316,0.004460009,0.002288769,0.006412491,0.002316973,0.00812933,0.001311829,0.003271565,0.007498319,0.008741299,0.007244064,0.013010851,0.007829882,0.018570354,0.002612563,0.001862188,0.006143657,0.004585723,0.002402188,0.003077303,0.005267337,0.001106424,0.003045002,0.00135497,0.012471047,0.002516154,0.00563993,0.002072155,0.012948955,0.000927511,0.01322945,0.009424364,0.006864429,0.003975665,0.00358774,0.002973069,0.00033911,0.009615808,0.003635673,0.001049668,0.005732864,0.002138434,0.006621902,0.007545773,0.006144407,0.006241835,0.001387663,0.004356995,0.007383646,0.008068026,0.002391484,0.002975226,0.002044512,0.007222696,0.001546219,0.003445486,0.013996631,0.005378567,0.004124235,0.002636064,0.009004676,0.007099149,0.006596708,0.015361477,0.004730276,0.007595221,0.002968607,0.003814295,0.005783107,0.0034894,0.004772911,0.004094365,0.00246885,0.007869933,0.003573629,0.009249267,0,0.00200095,0.004671529,0.014292597,0.006495977,0.004739468,0.002525154,0.003327571,0.001520468,0.005670894,0.002209722,0.013034264,0.01120548,0.001370283,0.001999572
Ruminococcaceae bacterium,0.000422454,0,0.000607081,0.000150872,0.000142771,0.000432299,0.000235641,0.000292568,0.000301409,0,0.000316565,0,0.000306845,0.000365873,0.000244346,0.000304345,0.000151895,0.000714067,0.000328752,0.000778596,0.000847042,0.000603517,0.000435521,0.000230907,0,9.96E-05,0.000268818,0.000149246,0.000351413,0.000340003,0.000184588,0,0.000228198,0.000209762,0.000283031,0.000421012,0.000208588,0.000208498,0,0.000250092,0.00039188,0,0,0.000498291,0.000262004,0.000255742,0.000279354,0.000527491,0.000356459,0.000131299,0.000511869,0.00026526,0.000179491,0.000138783,0.000205769,0.000612828,0.000187841,0.000507547,0.000348852,0.000369805,0.000231281,0.00039325,0.000534131,0.000366703,0,0.000233953,0.000300924,0.000198071,0.000721063,0.000269624,0.000105362,0.000404477,0.000214085,0.000315745,8.54E-05,0.000273696,0.000461457,0.000224738,0,0.000389638,0,0.00019958,0.000198807,0.000428465,0.000164934,0.00058291,0.000207921,0.000241217,0.00020625,0,0.000262846,0.000140607,0,0,0.000115409,0,0,0.000254034,0.000515137,0.000246801,0.000109249,0.000124265,0.000404768,0.000445977,0.000220245,0.000919778,0.000403049,0.00021755,0.000270979,0.000125265,0,0,0.000218061,0,0.000186515,0.000481009,0.000367976,0.001127164,0.000487841,0.000265879,0.000274239,0.000276909,0.00154465,0.000518195,0.000190444,0.000216069,0,0.000273507,8.44E-05,0.00393049,0.000551288,0.000126329,0,0,0.000391854,0.000238192,0.000357344,0.00038641,0.000396818,0.000425645,8.05E-05,0.000375072,0.000259055,0.000322603,0.000143562,0,0.00023978,0.000319609,0,0.000290356,0.001989119,0.000194732,0.000412315,0.000389918,0,0,0.000407009,0.000164109,0.000199854,0.000209544,0.000249201,0.000301593,0.000254897,0.000215385,0.000820829
Ruminococcus,0.00476929,0.000588552,0.004070069,0.003319877,0.000564379,0.003816097,0.000669848,0.004174399,0.00032617,0.000665854,0.004834218,0.00068353,0.002873727,0.006776934,0.002366966,0,0.00077187,0.007524813,0.000956471,0.002861466,0.004805141,0.003337051,0.002365418,0.002788581,0.001306185,0.000507015,0.00063692,0.003280356,0.001155773,0.004865683,0.005661693,0.000872964,0.003547589,0.003235806,0.000523856,0.000366831,0.004974794,0.003433312,0.002185826,0.003297405,0.001825684,0.000470315,0.000439357,0.004703301,0.004279691,0.007569729,0.000610901,0.002168932,0.001893916,0.000379571,0.00340121,0.001334758,0.000494115,0.003836637,0.000330578,0.004283933,0.004071457,0.00358677,0.004997723,0.002248363,0.004099008,0.003274451,0.000665795,0.000272414,0.001592379,0.000462462,0.001832335,0.002861225,0.004070685,0.001874087,0.000585684,0.000437702,0.000258205,0.004971726,0.000484632,0.001891477,0.000251234,0.000328754,0.000294986,0.002700918,0.000846928,0.000586576,0.001360405,0.000518216,0.0020635,0.003866134,0.000352691,0.000379489,0.000791361,0.000511336,0.003956541,0.00166427,0.000260646,0.000364823,0.001988301,0.000542278,0.000409072,0.003626824,0.002763944,0.000923798,0.003118267,0.000283497,0.0029715,0.000353042,0.000623465,0.001765281,0.001888821,0.001015429,0.005804781,0.000506211,0.00035486,0.001499708,0.001507033,0.001141233,0.002517682,0.002535931,0.000496155,0.000894671,0.003438031,0.000511027,0.003131346,0.001163524,0.001581187,0.00454441,0.002679419,0.000723909,0.00075375,0.000861487,0.00042181,0.00507103,0.001121263,0.000749509,0.000413951,0.00100545,0.002154676,0.002019107,0.000350498,0.001634692,0.000520076,0.002735865,0.000760114,0.002009923,0.000440726,0.000803596,0.003082837,0.001776808,0.000259332,0.005863089,0.001300642,0.000684587,0,0.000664421,0.003819236,0.002557158,0.001141267,0.000437941,0.000509544,0.000628926,0.002250854,0.000481269,0.004993015,0.00293298,0.01093535,0.00376161,0.00112795
Subdoligranulum,0.004828258,0.000198681,0.002559762,0.000206145,0.000295426,0.000512242,0.000573318,0.002518037,0.000428399,0,0.000530752,0.000703755,0.002014233,0.000168271,0.00628359,0.000508622,0.001345704,0.003868657,0.000159058,0.000207381,0.002832705,0.009054739,0.000406945,0.001942117,0.000342001,0.000726057,0.000275196,0.002729122,0.005868919,0.001397772,0.004800948,0.008050137,0.004010159,0.008254923,0.00051832,0.000208285,0.006774672,0.005283513,0.00174828,0.000552493,0.002054583,0,0.002798834,0.002924637,0.006113908,0.010836201,0.000312874,0.003959036,0.003330126,0.000262229,0.0030652,0.007342833,0.000122444,0.003865417,0.002516683,0.001708954,0.00161322,0.002661688,0.010990819,0.000374451,0.004462609,0.001036133,0.001487232,0.000355759,0.002426892,0.00594037,0.00032464,0.000134697,0.004251324,0.003303505,0.000879768,0.001008966,0.000611487,0.007435907,0.004751589,0.008243863,0.002516195,0.001153686,0.000730226,0.003001514,0.000888482,0.000146796,0.00010756,0.000241676,0.002871855,0.000507127,0.000503248,0.000405412,0.008291545,0.000169836,0.003257271,0.000367123,0.000932383,0.002589717,0.002380042,0.000344988,0,0.000437523,0.000369734,0.000549393,0.001773862,0.001749475,0.003993361,0.00037135,0.000627864,0.003219529,0.002050207,0.002745674,0.000529083,0.000775416,0.005804867,0.001425562,0.000327948,0.000591946,0.000248289,0.002234158,0.000387249,0.00148831,0.003641287,0.000447176,0.000179866,0.000506261,0.000835368,0.008766742,0.009906792,0.006271169,0.000540408,0.004939239,0.00033054,0,0.002848896,0.000688436,0.000294534,0.000109777,0.000450704,0.004085805,0.000445746,0.00021599,0.001244665,0.006080537,0.001014767,0.001195948,0.00248023,0.004620677,0.001255658,0.005170536,0.002750341,0.000367581,0.000875966,0.002566882,0.001120101,0.000444969,0.000306859,9.28E-05,0,0.002829831,0.001570192,0.003097438,0.002941924,0.001103483,0.000334113,0.000712377,0.001149498,0.008103269,0.002347698
Sutterella,0.000526348,0.001494283,0.000652072,0.000112998,0.000109459,0.002782952,0.000334278,0.000185029,0.004585855,0.000519284,0.000645506,0.000274357,0.000162709,0.000251063,0.000307412,0.000340563,0.003794704,0.000486647,0.001556208,0.003166953,0.002913839,0.001147772,0.000313191,0.004782457,0.00657848,0.000359124,8.43E-05,0.000304698,0.000184094,0.003263568,0.000214664,0.005640738,0.002089741,0.000197942,0.000884129,0.001378312,0.000372266,0.000129025,0.000160015,0.001129693,0.004446026,0.000212861,0,0.003146148,0.000194422,0.000310743,0.002240019,0.002789581,0.000250326,0.003431735,0.003114234,0.003796797,0.00179917,0.001834975,0.003119369,0.002842296,0.003187864,0.001678912,0.000120819,0.000233614,0.000181524,0.000563574,0.002037697,0.000216952,0.006836411,0.000103469,0.000286592,0.00036404,0.000418692,0.001201842,0.003195034,0.00018989,0.000397243,0.000960005,0.000226659,0.002692107,0.000340719,0.00465735,0,0.005877087,0.002751736,0.001850279,0.000523791,0.003022747,0.000617886,0,0,0.003524954,0.004445307,0.001273616,0.00433122,0.000312431,0.001646456,0.000442699,0.003722277,0.000696317,0.000645232,0.001143044,0.000298061,0,0.000323876,0.000130275,0.002101357,0,0,0.002455311,0.000313686,0.000250848,0.000397817,0.000354988,0.000457887,0.000765091,0,0.006830344,0.00024513,0.003358465,0.000369361,0.000319721,0.00083257,0.001049016,0.000581632,0.000894367,0,0.000220008,0.001011481,0.002705453,0.000284196,0.00062499,0.002530013,0,0,0.000117982,0.000225957,0.00532913,0.00306265,0.000778509,0.000129373,0.002371843,0.003251141,0.000254401,0.000230304,0.003781455,0.000606449,0.000631588,0.000676424,0.00014983,0.000151011,0.000231048,0.001177673,0.000146964,0,0.003810971,0.000267509,0.000154559,0.00373963,0.003177818,0.004851111,0.000670883,0.004952814,0.00132274,0.000128027,0.00370406,0.000403551,0.000279727,0.000928778
Tyzzerella,0.000297343,0.001366015,0.00038978,0.000528995,0.000645088,0.000650686,0.000864186,0.000380564,0.000527833,0.001265842,0.000321979,0.00055442,0.000407202,0.000332458,0.000820421,0.000234461,0.000779324,0.000345917,0.000171212,0.000301132,0.000344332,0.000231662,0.000218216,0.000171766,0.00062265,0.000949723,0.001118379,0.000361956,0.000838493,0.000683521,0.000452227,0.000328596,0.000343334,0.000538929,0.000518932,0.000224178,0.000382787,0.000355206,0.000732049,0.000374588,0.000478134,0.000534927,0.000518884,0.000539486,0.000567573,0.000651436,0.000717172,0.000555517,0.000758343,0.000573274,0.000180468,0.000453836,0.000733783,0.000923751,0.000736259,0.000399864,0.000502738,0.000532217,0.00023255,0.001437998,0.000492941,0.000521572,0.001726034,0.000747261,0.000723696,9.67E-05,0.000938634,0.000537331,0.000812129,0.000509398,0.000749203,0.000721271,0.000851433,0.000486233,0.000743636,0.000483399,0.001052783,0.000708776,0.000247554,0.000213951,0.000549488,0.001465511,0.000759853,0.000252177,0.000448178,0.000215597,0.000436196,0.000876322,0.000685415,0.000610695,0.000690108,0.000729774,0.000239798,0.000684256,0.000770519,0.00052823,0.000463271,0.000825535,0.000706323,0.000904146,0.000630161,0.000991639,0.000388162,0.000780071,0.00012803,0.000488026,0.000810523,0.000490917,0.000683695,0.000374041,0.001315807,0.000596173,0.0005885,0.000493857,0.000624365,0.000328209,0.001645355,0.001117411,0.000442597,0.000723416,0.00039955,0.000323245,0,0.000668639,0.000603011,0.00062592,0.001643805,0.00025672,0.000567011,0,0.000740807,0.000318781,0.00037592,0.000950989,0.000583281,0.000458665,0.000431256,0.000826029,0.000925654,0.000631527,0.000412309,0.000660673,0.000849554,0.000938308,0.000438324,0.000392322,0.000397246,0.000517269,0.000653595,0.00051259,0,0.00201951,0.001039929,0.000990992,0,0.000602577,0.000615908,0.000379858,0.000434328,0.000428469,0.000603007,0.000647866,0.000600899,0.000564543,0